Messst.-Nr.;Datum;Gw-Stand [mNHN];MPH [mNHN];Abstich [m];Bemerkungen
28908371;30.03.1990;35,67;38,13;2,46;
28908371;26.04.1990;35,57;38,13;2,56;
28908371;31.05.1990;35,4;38,13;2,73;
28908371;27.06.1990;35,43;38,13;2,7;
28908371;31.07.1990;35,29;38,13;2,84;
28908371;31.08.1990;35,17;38,13;2,96;
28908371;30.10.1990;35,26;38,13;2,87;
28908371;27.11.1990;35,36;38,13;2,77;
28908371;20.12.1990;35,39;38,13;2,74;
28908371;31.01.1991;35,52;38,13;2,61;
28908371;28.02.1991;35,49;38,13;2,64;
28908371;30.03.1991;35,4;38,13;2,73;
28908371;25.04.1991;35,32;38,13;2,81;
28908371;25.05.1991;35,22;38,13;2,91;
28908371;29.06.1991;35,2;38,13;2,93;
28908371;26.07.1991;35,11;38,13;3,02;
28908371;30.08.1991;34,95;38,13;3,18;
28908371;28.09.1991;34,94;38,13;3,19;
28908371;30.10.1991;34,94;38,13;3,19;
28908371;30.11.1991;34,94;38,13;3,19;
28908371;29.12.1991;35,29;38,13;2,84;
28908371;31.01.1992;35,2;38,13;2,93;
28908371;27.02.1992;35,21;38,13;2,92;
28908371;28.03.1992;35,36;38,13;2,77;
28908371;30.04.1992;35,32;38,13;2,81;
28908371;30.05.1992;35,08;38,13;3,05;
28908371;27.06.1992;35,07;38,13;3,06;
28908371;30.07.1992;34,89;38,13;3,24;
28908371;27.08.1992;34,99;38,13;3,14;
28908371;29.09.1992;34,86;38,13;3,27;
28908371;31.10.1992;34,97;38,13;3,16;
28908371;28.11.1992;35,29;38,13;2,84;
28908371;30.12.1992;35,18;38,13;2,95;
28908371;30.01.1993;35,46;38,13;2,67;
28908371;27.02.1993;35,42;38,13;2,71;
28908371;27.03.1993;35,31;38,13;2,82;
28908371;30.04.1993;35,22;38,13;2,91;
28908371;29.05.1993;35,21;38,13;2,92;
28908371;26.06.1993;35,09;38,13;3,04;
28908371;30.07.1993;35,14;38,13;2,99;
28908371;28.08.1993;34,9;38,13;3,23;
28908371;30.09.1993;35,36;38,13;2,77;
28908371;30.10.1993;35,31;38,13;2,82;
28908371;27.11.1993;35,35;38,13;2,78;
28908371;30.12.1993;35,79;38,13;2,34;
28908371;29.01.1994;35,9;38,13;2,23;
28908371;26.02.1994;35,74;38,13;2,39;
28908371;26.03.1994;36,02;38,13;2,11;
28908371;30.04.1994;35,79;38,13;2,34;
28908371;28.05.1994;35,69;38,13;2,44;
28908371;25.06.1994;35,54;38,13;2,59;
28908371;30.07.1994;35,42;38,13;2,71;
28908371;31.08.1994;35,36;38,13;2,77;
28908371;30.09.1994;35,45;38,13;2,68;
28908371;31.10.1994;35,49;38,13;2,64;
28908371;26.11.1994;35,5;38,13;2,63;
28908371;31.12.1994;35,65;38,13;2,48;
28908371;30.01.1995;35,94;38,13;2,19;
28908371;28.02.1995;35,86;38,13;2,27;
28908371;31.03.1995;36,04;38,13;2,09;
28908371;28.04.1995;35,79;38,13;2,34;
28908371;31.05.1995;35,75;38,13;2,38;
28908371;30.06.1995;35,68;38,13;2,45;
28908371;28.07.1995;35,39;38,13;2,74;
28908371;30.08.1995;35,25;38,13;2,88;
28908371;30.09.1995;35,36;38,13;2,77;
28908371;30.10.1995;35,29;38,13;2,84;
28908371;25.11.1995;35,33;38,13;2,8;
28908371;30.12.1995;35,39;38,13;2,74;
28908371;31.01.1996;35,31;38,13;2,82;
28908371;29.02.1996;35,45;38,13;2,68;
28908371;30.03.1996;35,29;38,13;2,84;
28908371;30.04.1996;35,27;38,13;2,86;
28908371;30.05.1996;35,22;38,13;2,91;
28908371;29.06.1996;35,08;38,13;3,05;
28908371;31.07.1996;35,04;38,13;3,09;
28908371;31.08.1996;35,22;38,13;2,91;
28908371;30.09.1996;35,07;38,13;3,06;
28908371;31.10.1996;35,11;38,13;3,02;
28908371;30.11.1996;35,33;38,13;2,8;
28908371;31.01.1997;35,17;38,13;2,96;
28908371;28.02.1997;35,44;38,13;2,69;
28908371;26.03.1997;35,49;38,13;2,64;
28908371;26.04.1997;35,27;38,13;2,86;
28908371;30.05.1997;35,15;38,13;2,98;
28908371;29.06.1997;35,17;38,13;2,96;
28908371;30.07.1997;35,31;38,13;2,82;
28908371;30.08.1997;35,15;38,13;2,98;
28908371;29.09.1997;35,06;38,13;3,07;
28908371;31.10.1997;35,13;38,13;3;
28908371;30.11.1997;35,11;38,13;3,02;
28908371;30.12.1997;35,65;38,13;2,48;
28908371;31.01.1998;35,27;38,13;2,86;
28908371;28.02.1998;35,15;38,13;2,98;
28908371;30.03.1998;35,29;38,13;2,84;
28908371;30.04.1998;35,4;38,13;2,73;
28908371;28.05.1998;35,24;38,13;2,89;
28908371;30.06.1998;35,43;38,13;2,7;
28908371;25.07.1998;35,33;38,13;2,8;
28908371;29.08.1998;35,27;38,13;2,86;
28908371;26.09.1998;35,51;38,13;2,62;
28908371;31.10.1998;35,78;38,13;2,35;
28908371;30.11.1998;35,86;38,13;2,27;
28908371;31.12.1998;35,9;38,13;2,23;
28908371;30.01.1999;35,9;38,13;2,23;
28908371;27.02.1999;36,04;38,13;2,09;
28908371;31.03.1999;36,08;38,13;2,05;
28908371;28.04.1999;36;38,13;2,13;
28908371;29.05.1999;35,81;38,13;2,32;
28908371;30.06.1999;35,71;38,13;2,42;
28908371;28.07.1999;35,69;38,13;2,44;
28908371;28.08.1999;35,61;38,13;2,52;
28908371;30.09.1999;35,61;38,13;2,52;
28908371;30.10.1999;35,58;38,13;2,55;
28908371;27.11.1999;35,61;38,13;2,52;
28908371;27.12.1999;35,94;38,13;2,19;
28908371;29.01.2000;35,83;38,13;2,3;
28908371;26.02.2000;35,97;38,13;2,16;
28908371;31.03.2000;35,93;38,13;2,2;
28908371;29.04.2000;35,89;38,13;2,24;
28908371;31.05.2000;35,69;38,13;2,44;
28908371;30.06.2000;35,54;38,13;2,59;
28908371;31.07.2000;35,65;38,13;2,48;
28908371;26.08.2000;35,47;38,13;2,66;
28908371;30.09.2000;35,65;38,13;2,48;
28908371;30.10.2000;35,65;38,13;2,48;
28908371;30.11.2000;35,78;38,13;2,35;
28908371;30.12.2000;35,71;38,13;2,42;
28908371;31.01.2001;35,9;38,13;2,23;
28908371;27.02.2001;35,99;38,13;2,14;
28908371;31.03.2001;36,04;38,13;2,09;
28908371;30.04.2001;36,04;38,13;2,09;
28908371;26.05.2001;35,79;38,13;2,34;
28908371;30.06.2001;35,92;38,13;2,21;
28908371;29.07.2001;35,54;38,13;2,59;
28908371;28.08.2001;35,49;38,13;2,64;
28908371;30.09.2001;35,7;38,13;2,43;
28908371;28.10.2001;35,57;38,13;2,56;
28908371;26.11.2001;35,69;38,13;2,44;
28908371;28.12.2001;35,9;38,13;2,23;
28908371;26.01.2002;35,85;38,13;2,28;
28908371;28.02.2002;36,26;38,13;1,87;
28908371;31.03.2002;36,02;38,13;2,11;
28908371;27.04.2002;35,86;38,13;2,27;
28908371;27.05.2002;35,63;38,13;2,5;
28908371;28.06.2002;35,53;38,13;2,6;
28908371;27.07.2002;35,58;38,13;2,55;
28908371;31.08.2002;35,7;38,13;2,43;
28908371;28.09.2002;35,6;38,13;2,53;
28908371;28.10.2002;35,65;38,13;2,48;
28908371;30.11.2002;35,78;38,13;2,35;
28908371;31.12.2002;36,09;38,13;2,04;
28908371;28.01.2003;36,04;38,13;2,09;
28908371;22.02.2003;35,88;38,13;2,25;
28908371;31.03.2003;35,9;38,13;2,23;
28908371;30.04.2003;35,79;38,13;2,34;
28908371;31.05.2003;35,72;38,13;2,41;
28908371;28.06.2003;35,58;38,13;2,55;
28908371;26.07.2003;35,47;38,13;2,66;
28908371;30.08.2003;35,39;38,13;2,74;
28908371;27.09.2003;35,39;38,13;2,74;
28908371;25.10.2003;35,49;38,13;2,64;
28908371;29.11.2003;35,47;38,13;2,66;
28908371;27.12.2003;35,7;38,13;2,43;
28908371;28.01.2004;35,85;38,13;2,28;
28908371;28.02.2004;35,86;38,13;2,27;
28908371;26.03.2004;35,78;38,13;2,35;
28908371;27.04.2004;35,69;38,13;2,44;
28908371;30.05.2004;35,57;38,13;2,56;
28908371;28.06.2004;35,53;38,13;2,6;
28908371;02.08.2004;35,54;38,13;2,59;
28908371;30.08.2004;35,46;38,13;2,67;
28908371;28.09.2004;35,5;38,13;2,63;
28908371;29.10.2004;35,47;38,13;2,66;
28908371;29.11.2004;35,71;38,13;2,42;
28908371;30.12.2004;35,71;38,13;2,42;
28908371;29.01.2005;35,78;38,13;2,35;
28908371;26.02.2005;35,86;38,13;2,27;
28908371;28.03.2005;35,79;38,13;2,34;
28908371;30.04.2005;35,7;38,13;2,43;
28908371;28.05.2005;35,64;38,13;2,49;
28908371;26.06.2005;35,4;38,13;2,73;
28908371;28.07.2005;35,39;38,13;2,74;
28908371;27.08.2005;35,47;38,13;2,66;
28908371;27.09.2005;35,36;38,13;2,77;
28908371;29.10.2005;35,43;38,13;2,7;
28908371;27.11.2005;35,44;38,13;2,69;
28908371;31.12.2005;35,53;38,13;2,6;
28908371;29.01.2006;35,56;38,13;2,57;
28908371;25.02.2006;35,65;38,13;2,48;
28908371;26.03.2006;35,67;38,13;2,46;
28908371;28.04.2006;35,61;38,13;2,52;
28908371;29.05.2006;35,59;38,13;2,54;
28908371;26.06.2006;35,4;38,13;2,73;
28908371;31.07.2006;35,18;38,13;2,95;
28908371;26.08.2006;35,33;38,13;2,8;
28908371;29.09.2006;35,24;38,13;2,89;
28908371;28.10.2006;35,26;38,13;2,87;
28908371;25.11.2006;35,38;38,13;2,75;
28908371;31.12.2006;35,4;38,13;2,73;
28908371;28.01.2007;35,7;38,13;2,43;
28908371;24.02.2007;35,74;38,13;2,39;
28908371;30.03.2007;35,76;38,13;2,37;
28908371;27.04.2007;35,56;38,13;2,57;
28908371;27.05.2007;35,52;38,13;2,61;
28908371;30.06.2007;35,45;38,13;2,68;
28908371;29.07.2007;35,42;38,13;2,71;
28908371;31.08.2007;35,46;38,13;2,67;
28908371;28.09.2007;35,38;38,13;2,75;
28908371;28.10.2007;35,36;38,13;2,77;
28908371;26.11.2007;35,46;38,13;2,67;
28908371;01.01.2008;35,54;38,13;2,59;
28908371;27.01.2008;35,65;38,13;2,48;
28908371;27.02.2008;35,6;38,13;2,53;
28908371;29.03.2008;35,74;38,13;2,39;
28908371;28.04.2008;35,65;38,13;2,48;
28908371;01.06.2008;35,52;38,13;2,61;
28908371;28.06.2008;35,49;38,13;2,64;
28908371;27.07.2008;35,47;38,13;2,66;
28908371;28.08.2008;35,38;38,13;2,75;
28908371;27.09.2008;35,32;38,13;2,81;
28908371;21.10.2008;35,35;38,13;2,78;
28908371;29.11.2008;35,4;38,13;2,73;
28908371;31.12.2008;35,4;38,13;2,73;
28908371;30.01.2009;35,47;38,13;2,66;
28908371;28.02.2009;35,58;38,13;2,55;
28908371;28.03.2009;35,61;38,13;2,52;
28908371;26.04.2009;35,51;38,13;2,62;
28908371;31.05.2009;35,33;38,13;2,8;
28908371;25.06.2009;35,24;38,13;2,89;
28908371;26.07.2009;35,24;38,13;2,89;
28908371;30.08.2009;35,19;38,13;2,94;
28908371;27.09.2009;35,17;38,13;2,96;
28908371;01.11.2009;35,32;38,13;2,81;
28908371;27.11.2009;35,51;38,13;2,62;
28908371;03.01.2010;35,63;38,13;2,5;
28908371;28.01.2010;35,58;38,13;2,55;
28908371;28.02.2010;35,69;38,13;2,44;
28908371;27.03.2010;35,72;38,13;2,41;
28908371;26.04.2010;35,59;38,13;2,54;
28908371;30.05.2010;35,53;38,13;2,6;
28908371;27.06.2010;35,39;38,13;2,74;
28908371;31.07.2010;35,29;38,13;2,84;
28908371;30.08.2010;35,44;38,13;2,69;
28908371;26.09.2010;35,45;38,13;2,68;
28908371;01.11.2010;35,43;38,13;2,7;
28908371;28.11.2010;35,81;38,13;2,32;
28908371;04.01.2011;35,72;38,13;2,41;
28908371;29.01.2011;35,96;38,13;2,17;
28908371;28.02.2011;35,9;38,13;2,23;
28908371;31.03.2011;35,83;38,13;2,3;
28908371;29.04.2011;35,67;38,13;2,46;
28908371;28.05.2011;35,47;38,13;2,66;
28908371;27.06.2011;35,46;38,13;2,67;
28908371;31.07.2011;35,45;38,13;2,68;
28908371;28.08.2011;35,51;38,13;2,62;
28908371;01.10.2011;35,24;38,13;2,89;
28908371;28.10.2011;35,25;38,13;2,88;
28908371;25.11.2011;35,17;38,13;2,96;
28908371;02.01.2012;35,34;38,13;2,79;
28908371;25.01.2012;35,74;38,13;2,39;
28908371;25.02.2012;35,64;38,13;2,49;
28908371;30.03.2012;35,57;38,13;2,56;
28908371;29.04.2012;35,57;38,13;2,56;
28908371;28.05.2012;35,47;38,13;2,66;
28908371;30.06.2012;35,49;38,13;2,64;
28908371;29.07.2012;35,43;38,13;2,7;
28908371;27.08.2012;35,32;38,13;2,81;
28908371;25.09.2012;35,31;38,13;2,82;
28908371;26.10.2012;35,34;38,13;2,79;
28908371;27.11.2012;35,38;38,13;2,75;
28908371;29.12.2012;35,72;38,13;2,41;
28908371;30.01.2013;35,65;38,13;2,48;
28908371;23.02.2013;35,77;38,13;2,36;
28908371;29.03.2013;35,71;38,13;2,42;
28908371;27.04.2013;35,61;38,13;2,52;
28908371;26.05.2013;35,53;38,13;2,6;
28908371;01.07.2013;35,4;38,13;2,73;
28908371;27.07.2013;35,22;38,13;2,91;
28908371;31.08.2013;35,22;38,13;2,91;
28908371;29.09.2013;35,31;38,13;2,82;
28908371;28.10.2013;35,31;38,13;2,82;
28908371;30.11.2013;35,43;38,13;2,7;
28908371;31.12.2013;35,53;38,13;2,6;
28908371;27.01.2014;35,53;38,13;2,6;
28908371;26.02.2014;35,57;38,13;2,56;
28908371;30.03.2014;35,45;38,13;2,68;
28908371;26.04.2014;35,37;38,13;2,76;
28908371;02.06.2014;35,41;38,13;2,72;
28908371;29.06.2014;35,28;38,13;2,85;
28908371;27.07.2014;35,42;38,13;2,71;
28908371;01.09.2014;35,61;38,13;2,52;
28908371;26.09.2014;35,46;38,13;2,67;
28908371;21.10.2014;35,53;38,13;2,6;
28908371;28.11.2014;35,49;38,13;2,64;
28908371;18.12.2014;35,52;38,13;2,61;
28908371;31.01.2015;35,83;38,13;2,3;
28908371;27.02.2015;35,79;38,13;2,34;
28908371;27.03.2015;35,67;38,13;2,46;
28908371;24.04.2015;35,64;38,13;2,49;
28908371;04.05.2015;35,61;38,13;2,52;
28908371;29.05.2015;35,46;38,13;2,67;
28908371;26.06.2015;35,4;38,13;2,73;
28908371;23.07.2015;35,2;38,13;2,93;
28908371;28.08.2015;35,32;38,13;2,81;
28908371;25.09.2015;35,31;38,13;2,82;
28908371;30.10.2015;35,3;38,13;2,83;
28908371;27.11.2015;35,4;38,13;2,73;
28908371;29.12.2015;35,52;38,13;2,61;
28908371;28.01.2016;35,59;38,13;2,54;
28908371;26.02.2016;35,87;38,13;2,26;
28908371;30.03.2016;35,71;38,13;2,42;
28908371;30.04.2016;35,53;38,13;2,6;
28908371;29.05.2016;35,5;38,13;2,63;
28908371;25.06.2016;35,95;38,13;2,18;
28908371;29.07.2016;35,64;38,13;2,49;
28908371;24.08.2016;35,57;38,13;2,56;
28908371;26.09.2016;35,72;38,13;2,41;
28908371;27.10.2016;35,46;38,13;2,67;
28908371;25.11.2016;35,55;38,13;2,58;
28908371;30.12.2016;35,52;38,13;2,61;
28908371;22.02.2017;35,58;38,13;2,55;
28908371;25.03.2017;35,71;38,13;2,42;
28908371;20.04.2017;35,54;38,13;2,59;
28908371;27.04.2017;35,54;38,13;2,59;
28908371;31.05.2017;35,35;38,13;2,78;
28908371;20.06.2017;35,2;38,13;2,93;
28908371;27.07.2017;35,13;38,13;3;
28908371;23.08.2017;35,19;38,13;2,94;
28908371;26.09.2017;35,14;38,13;2,99;
28908371;23.10.2017;35,18;38,13;2,95;
28908371;27.11.2017;35,16;38,13;2,97;
28908371;02.01.2018;35,63;38,13;2,5;
28908371;29.01.2018;35,69;38,13;2,44;
28908371;26.02.2018;35,64;38,13;2,49;
28908371;03.04.2018;35,62;38,13;2,51;
28908371;30.04.2018;35,56;38,13;2,57;
28908371;28.05.2018;35,47;38,13;2,66;
28908371;02.07.2018;35,19;38,13;2,94;
28908371;30.07.2018;34,95;38,13;3,18;
28908371;27.08.2018;34,93;38,13;3,2;
28908371;28.09.2018;34,98;38,13;3,15;
28908371;29.10.2018;34,96;38,13;3,17;
28908371;26.11.2018;34,95;38,13;3,18;
28908371;27.12.2018;34,97;38,13;3,16;
28908371;29.01.2019;35,22;38,13;2,91;
28908371;13.02.2019;35,33;38,13;2,8;
28908371;26.02.2019;35,27;38,13;2,86;
28908371;29.03.2019;35,35;38,13;2,78;
28908371;29.04.2019;35,21;38,13;2,92;
28908371;27.05.2019;35,3;38,13;2,83;
28908371;01.07.2019;35,27;38,13;2,86;
28908371;29.07.2019;34,82;38,13;3,31;
28908371;02.09.2019;34,79;38,13;3,34;
28908371;30.09.2019;34,8;38,13;3,33;
28908371;25.10.2019;34,99;38,13;3,14;
28908371;29.11.2019;34,96;38,13;3,17;
28908371;31.12.2019;34,95;38,13;3,18;
28908371;24.01.2020;35,27;38,13;2,86;
28908371;02.03.2020;35,72;38,13;2,41;
28908371;31.03.2020;35,59;38,13;2,54;
28908371;01.04.2020;35,58;38,13;2,55;
28908371;27.04.2020;35,39;38,13;2,74;
28908371;02.06.2020;35,13;38,13;3;
28908371;29.06.2020;35,05;38,13;3,08;
28908371;24.07.2020;35;38,13;3,13;
28908371;31.08.2020;34,89;38,13;3,24;
28908371;28.09.2020;34,93;38,13;3,2;
28908371;02.11.2020;35,07;38,13;3,06;
28908371;30.11.2020;35,08;38,13;3,05;
28908371;28.12.2020;35,1;38,13;3,03;
28908371;02.02.2021;35,51;38,13;2,62;
28908371;01.03.2021;35,52;38,13;2,61;
28908371;11.03.2021;35,27;38,13;2,86;
28908371;29.03.2021;35,46;38,13;2,67;
28908371;26.04.2021;35,4;38,13;2,73;
28908371;31.05.2021;35,31;38,13;2,82;
28908371;28.06.2021;35,18;38,13;2,95;
28908371;02.08.2021;35,25;38,13;2,88;
28908371;30.08.2021;35,22;38,13;2,91;
28908371;27.09.2021;35,16;38,13;2,97;
28908371;02.11.2021;35,23;38,13;2,9;
28908371;29.11.2021;35,22;38,13;2,91;
28908371;28.12.2021;35,29;38,13;2,84;
28908371;31.01.2022;35,31;38,13;2,82;
28900131;26.09.1955;49,75;62,83;13,08;
28900131;31.10.1955;49,75;62,83;13,08;
28900131;28.11.1955;49,59;62,83;13,24;
28900131;26.12.1955;49,62;62,83;13,21;
28900131;30.01.1956;49,66;62,83;13,17;
28900131;27.02.1956;49,66;62,83;13,17;
28900131;26.03.1956;49,7;62,83;13,13;
28900131;30.04.1956;49,79;62,83;13,04;
28900131;28.05.1956;49,72;62,83;13,11;
28900131;25.06.1956;49,73;62,83;13,1;
28900131;23.07.1956;49,68;62,83;13,15;
28900131;27.08.1956;49,57;62,83;13,26;
28900131;24.09.1956;49,62;62,83;13,21;
28900131;29.10.1956;49,64;62,83;13,19;
28900131;26.11.1956;49,65;62,83;13,18;
28900131;31.12.1956;49,79;62,83;13,04;
28900131;28.01.1957;49,79;62,83;13,04;
28900131;25.02.1957;50,07;62,83;12,76;
28900131;25.03.1957;50,18;62,83;12,65;
28900131;29.04.1957;50,41;62,83;12,42;
28900131;27.05.1957;50,42;62,83;12,41;
28900131;24.06.1957;50,48;62,83;12,35;
28900131;29.07.1957;50,44;62,83;12,39;
28900131;26.08.1957;50,45;62,83;12,38;
28900131;30.09.1957;50,31;62,83;12,52;
28900131;28.10.1957;50,3;62,83;12,53;
28900131;25.11.1957;50,29;62,83;12,54;
28900131;30.12.1957;50,3;62,83;12,53;
28900131;27.01.1958;50,27;62,83;12,56;
28900131;24.02.1958;50,37;62,83;12,46;
28900131;31.03.1958;50,43;62,83;12,4;
28900131;28.04.1958;50,53;62,83;12,3;
28900131;26.05.1958;50,57;62,83;12,26;
28900131;30.06.1958;50,56;62,83;12,27;
28900131;28.07.1958;50,52;62,83;12,31;
28900131;25.08.1958;50,46;62,83;12,37;
28900131;29.09.1958;50,41;62,83;12,42;
28900131;27.10.1958;50,36;62,83;12,47;
28900131;24.11.1958;50,34;62,83;12,49;
28900131;29.12.1958;50,31;62,83;12,52;
28900131;26.01.1959;50,28;62,83;12,55;
28900131;23.02.1959;50,28;62,83;12,55;
28900131;23.03.1959;50,31;62,83;12,52;
28900131;27.04.1959;50,4;62,83;12,43;
28900131;25.05.1959;50,26;62,83;12,57;
28900131;29.06.1959;50,22;62,83;12,61;
28900131;27.07.1959;50,21;62,83;12,62;
28900131;31.08.1959;50,13;62,83;12,7;
28900131;28.09.1959;50,07;62,83;12,76;
28900131;26.10.1959;49,99;62,83;12,84;
28900131;30.11.1959;50,07;62,83;12,76;
28900131;28.12.1959;50,01;62,83;12,82;
28900131;25.01.1960;49,93;62,83;12,9;
28900131;29.02.1960;49,62;62,83;13,21;
28900131;28.03.1960;49,57;62,83;13,26;
28900131;25.04.1960;49,5;62,83;13,33;
28900131;30.05.1960;49,41;62,83;13,42;
28900131;27.06.1960;49,35;62,83;13,48;
28900131;25.07.1960;49,29;62,83;13,54;
28900131;29.08.1960;49,28;62,83;13,55;
28900131;26.09.1960;49,17;62,83;13,66;
28900131;31.10.1960;49,05;62,83;13,78;
28900131;28.11.1960;49,12;62,83;13,71;
28900131;27.12.1960;49,8;62,83;13,03;
28900131;30.01.1961;49,37;62,83;13,46;
28900131;27.02.1961;49,53;62,83;13,3;
28900131;27.03.1961;49,67;62,83;13,16;
28900131;24.04.1961;49,77;62,83;13,06;
28900131;29.05.1961;49,92;62,83;12,91;
28900131;26.06.1961;50,05;62,83;12,78;
28900131;31.07.1961;50,11;62,83;12,72;
28900131;28.08.1961;50,11;62,83;12,72;
28900131;25.09.1961;50,07;62,83;12,76;
28900131;30.10.1961;50,01;62,83;12,82;
28900131;27.11.1961;49,97;62,83;12,86;
28900131;27.12.1961;50;62,83;12,83;
28900131;29.01.1962;49,98;62,83;12,85;
28900131;26.02.1962;50,03;62,83;12,8;
28900131;26.03.1962;50,12;62,83;12,71;
28900131;30.04.1962;50,19;62,83;12,64;
28900131;28.05.1962;50,28;62,83;12,55;
28900131;25.06.1962;50,33;62,83;12,5;
28900131;30.07.1962;50,35;62,83;12,48;
28900131;27.08.1962;50,33;62,83;12,5;
28900131;24.09.1962;50,37;62,83;12,46;
28900131;29.10.1962;50,25;62,83;12,58;
28900131;26.11.1962;50,25;62,83;12,58;
28900131;31.12.1962;50,2;62,83;12,63;
28900131;28.01.1963;50,17;62,83;12,66;
28900131;25.02.1963;50,04;62,83;12,79;
28900131;25.03.1963;50,09;62,83;12,74;
28900131;29.04.1963;49,97;62,83;12,86;
28900131;27.05.1963;49,93;62,83;12,9;
28900131;24.06.1963;49,91;62,83;12,92;
28900131;29.07.1963;49,86;62,83;12,97;
28900131;26.08.1963;49,82;62,83;13,01;
28900131;30.09.1963;49,78;62,83;13,05;
28900131;28.10.1963;49,74;62,83;13,09;
28900131;25.11.1963;49,71;62,83;13,12;
28900131;30.12.1963;49,67;62,83;13,16;
28900131;27.01.1964;49,52;62,83;13,31;
28900131;24.02.1964;49,54;62,83;13,29;
28900131;30.03.1964;49,56;62,83;13,27;
28900131;27.04.1964;49,63;62,83;13,2;
28900131;25.05.1964;49,56;62,83;13,27;
28900131;29.06.1964;49,5;62,83;13,33;
28900131;27.07.1964;49,49;62,83;13,34;
28900131;31.08.1964;49,37;62,83;13,46;
28900131;28.09.1964;49,35;62,83;13,48;
28900131;26.10.1964;49,45;62,83;13,38;
28900131;30.11.1964;49,46;62,98;13,52;
28900131;28.12.1964;49,4;62,98;13,58;
28900131;25.01.1965;49,37;62,98;13,61;
28900131;22.02.1965;49,43;62,98;13,55;
28900131;29.03.1965;49,44;62,98;13,54;
28900131;26.04.1965;49,4;62,98;13,58;
28900131;31.05.1965;49,41;62,98;13,57;
28900131;28.06.1965;49,56;62,98;13,42;
28900131;26.07.1965;49,61;62,98;13,37;
28900131;30.08.1965;49,72;62,98;13,26;
28900131;27.09.1965;49,83;62,98;13,15;
28900131;25.10.1965;49,9;62,98;13,08;
28900131;29.11.1965;49,95;62,98;13,03;
28900131;27.12.1965;50,01;62,98;12,97;
28900131;31.01.1966;50,24;62,98;12,74;
28900131;28.02.1966;50,44;62,98;12,54;
28900131;28.03.1966;50,64;62,98;12,34;
28900131;25.04.1966;50,72;62,98;12,26;
28900131;30.05.1966;50,94;62,98;12,04;
28900131;27.06.1966;50,98;62,98;12;
28900131;25.07.1966;51;62,98;11,98;
28900131;29.08.1966;50,97;62,98;12,01;
28900131;26.09.1966;50,86;62,98;12,12;
28900131;31.10.1966;50,85;62,98;12,13;
28900131;28.11.1966;50,76;62,98;12,22;
28900131;26.12.1966;50,8;62,98;12,18;
28900131;30.01.1967;50,93;62,98;12,05;
28900131;27.02.1967;51,03;62,98;11,95;
28900131;27.03.1967;51,1;62,98;11,88;
28900131;24.04.1967;51,18;62,98;11,8;
28900131;29.05.1967;51,11;62,98;11,87;
28900131;26.06.1967;51,1;62,98;11,88;
28900131;31.07.1967;51,03;62,98;11,95;
28900131;28.08.1967;50,97;62,98;12,01;
28900131;25.09.1967;50,91;62,98;12,07;
28900131;30.10.1967;50,82;62,98;12,16;
28900131;27.11.1967;50,77;62,98;12,21;
28900131;25.12.1967;50,7;62,98;12,28;
28900131;29.01.1968;50,72;62,98;12,26;
28900131;26.02.1968;50,76;62,98;12,22;
28900131;25.03.1968;50,78;62,98;12,2;
28900131;29.04.1968;50,79;62,98;12,19;
28900131;27.05.1968;50,74;62,98;12,24;
28900131;24.06.1968;50,7;62,98;12,28;
28900131;29.07.1968;50,67;62,98;12,31;
28900131;26.08.1968;50,62;62,98;12,36;
28900131;30.09.1968;50,58;62,98;12,4;
28900131;28.10.1968;50,54;62,98;12,44;
28900131;25.11.1968;50,54;62,98;12,44;
28900131;30.12.1968;50,53;62,98;12,45;
28900131;27.01.1969;50,45;62,98;12,53;
28900131;24.02.1969;50,39;62,98;12,59;
28900131;31.03.1969;50,39;62,98;12,59;
28900131;28.04.1969;50,4;62,98;12,58;
28900131;26.05.1969;50,45;62,98;12,53;
28900131;30.06.1969;50,32;62,98;12,66;
28900131;28.07.1969;50,28;62,98;12,7;
28900131;25.08.1969;50,27;62,98;12,71;
28900131;29.09.1969;50,23;62,98;12,75;
28900131;27.10.1969;50,16;62,98;12,82;
28900131;24.11.1969;50,14;62,98;12,84;
28900131;29.12.1969;50,11;62,98;12,87;
28900131;26.01.1970;50,1;62,98;12,88;
28900131;23.02.1970;50,05;62,98;12,93;
28900131;30.03.1970;50,09;62,98;12,89;
28900131;27.04.1970;50,18;62,98;12,8;
28900131;25.05.1970;50,3;62,98;12,68;
28900131;29.06.1970;50,39;62,98;12,59;
28900131;27.07.1970;50,39;62,98;12,59;
28900131;31.08.1970;50,37;62,98;12,61;
28900131;28.09.1970;50,32;62,98;12,66;
28900131;26.10.1970;50,28;62,98;12,7;
28900131;30.11.1970;50,24;62,98;12,74;
28900131;28.12.1970;50,19;62,98;12,79;
28900131;25.01.1971;50,13;62,98;12,85;
28900131;22.02.1971;50,14;62,98;12,84;
28900131;29.03.1971;50,04;62,98;12,94;
28900131;26.04.1971;50,08;62,98;12,9;
28900131;31.05.1971;49,98;62,98;13;
28900131;28.06.1971;49,97;62,98;13,01;
28900131;26.07.1971;49,94;62,98;13,04;
28900131;30.08.1971;49,9;62,98;13,08;
28900131;27.09.1971;49,87;62,98;13,11;
28900131;25.10.1971;49,82;62,98;13,16;
28900131;29.11.1971;49,85;62,98;13,13;
28900131;27.12.1971;49,7;62,98;13,28;
28900131;31.01.1972;49,64;62,98;13,34;
28900131;28.02.1972;49,57;62,98;13,41;
28900131;27.03.1972;49,52;62,98;13,46;
28900131;24.04.1972;49,47;62,98;13,51;
28900131;29.05.1972;49,38;62,98;13,6;
28900131;26.06.1972;49,34;62,98;13,64;
28900131;31.07.1972;49,28;62,98;13,7;
28900131;28.08.1972;49,24;62,98;13,74;
28900131;25.09.1972;49,2;62,98;13,78;
28900131;30.10.1972;49,13;62,98;13,85;
28900131;27.11.1972;49,1;62,98;13,88;
28900131;25.12.1972;49,05;62,98;13,93;
28900131;29.01.1973;48,92;62,98;14,06;
28900131;26.02.1973;48,86;62,98;14,12;
28900131;26.03.1973;48,83;62,98;14,15;
28900131;30.04.1973;48,75;62,98;14,23;
28900131;28.05.1973;48,73;62,98;14,25;
28900131;25.06.1973;48,7;62,98;14,28;
28900131;30.07.1973;48,66;62,98;14,32;
28900131;27.08.1973;48,64;62,98;14,34;
28900131;24.09.1973;48,62;62,98;14,36;
28900131;29.10.1973;48,59;62,98;14,39;
28900131;26.11.1973;48,57;62,98;14,41;
28900131;31.12.1973;48,52;62,98;14,46;
28900131;28.01.1974;48,53;62,98;14,45;
28900131;25.02.1974;48,46;62,98;14,52;
28900131;25.03.1974;48,44;62,98;14,54;
28900131;29.04.1974;48,42;62,98;14,56;
28900131;27.05.1974;48,4;62,98;14,58;
28900131;24.06.1974;48,38;62,98;14,6;
28900131;29.07.1974;48,36;62,98;14,62;
28900131;26.08.1974;48,34;62,98;14,64;
28900131;30.09.1974;48,31;62,98;14,67;
28900131;14.10.1974;48,32;62,98;14,66;
28900131;25.11.1974;48,26;62,98;14,72;
28900131;30.12.1974;48,29;62,98;14,69;
28900131;27.01.1975;48,37;62,98;14,61;
28900131;24.02.1975;48,55;62,98;14,43;
28900131;31.03.1975;48,68;62,98;14,3;
28900131;28.04.1975;48,76;62,98;14,22;
28900131;26.05.1975;48,81;62,98;14,17;
28900131;30.06.1975;48,85;62,98;14,13;
28900131;28.07.1975;48,89;62,98;14,09;
28900131;25.08.1975;48,84;62,98;14,14;
28900131;29.09.1975;48,67;62,84;14,17;
28900131;27.10.1975;48,64;62,84;14,2;
28900131;24.11.1975;48,62;62,84;14,22;
28900131;29.12.1975;48,56;62,84;14,28;
28900131;26.01.1976;48,56;62,84;14,28;
28900131;23.02.1976;48,51;62,84;14,33;
28900131;29.03.1976;48,47;62,84;14,37;
28900131;26.04.1976;48,44;62,84;14,4;
28900131;31.05.1976;48,38;62,84;14,46;
28900131;28.06.1976;48,34;62,84;14,5;
28900131;26.07.1976;48,29;62,84;14,55;
28900131;30.08.1976;48,18;62,84;14,66;
28900131;27.09.1976;48,16;62,84;14,68;
28900131;25.10.1976;48,08;62,84;14,76;
28900131;29.11.1976;48,01;62,84;14,83;
28900131;27.12.1976;47,95;62,84;14,89;
28900131;31.01.1977;47,9;62,84;14,94;
28900131;28.02.1977;47,86;62,84;14,98;
28900131;28.03.1977;47,82;62,84;15,02;
28900131;25.04.1977;47,78;62,84;15,06;
28900131;30.05.1977;47,72;62,84;15,12;
28900131;27.06.1977;47,7;62,84;15,14;
28900131;25.07.1977;47,65;62,84;15,19;
28900131;29.08.1977;47,6;62,84;15,24;
28900131;26.09.1977;47,56;62,84;15,28;
28900131;31.10.1977;47,53;62,84;15,31;
28900131;28.11.1977;47,48;62,84;15,36;
28900131;26.12.1977;47,45;62,84;15,39;
28900131;30.01.1978;47,41;62,84;15,43;
28900131;27.02.1978;47,39;62,84;15,45;
28900131;27.03.1978;47,35;62,84;15,49;
28900131;24.04.1978;47,34;62,84;15,5;
28900131;29.05.1978;47,31;62,84;15,53;
28900131;26.06.1978;47,29;62,84;15,55;
28900131;31.07.1978;47,29;62,84;15,55;
28900131;28.08.1978;47,27;62,84;15,57;
28900131;25.09.1978;47,25;62,84;15,59;
28900131;30.10.1978;47,24;62,84;15,6;
28900131;27.11.1978;47,22;62,84;15,62;
28900131;25.12.1978;47,2;62,84;15,64;
28900131;29.01.1979;47,19;62,84;15,65;
28900131;26.02.1979;47,18;62,84;15,66;
28900131;26.03.1979;47,3;62,84;15,54;
28900131;30.04.1979;47,27;62,84;15,57;
28900131;28.05.1979;47,41;62,84;15,43;
28900131;25.06.1979;47,5;62,84;15,34;
28900131;30.07.1979;47,61;62,84;15,23;
28900131;27.08.1979;47,66;62,84;15,18;
28900131;24.09.1979;47,72;62,84;15,12;
28900131;29.10.1979;47,69;62,84;15,15;
28900131;26.11.1979;47,73;62,84;15,11;
28900131;31.12.1979;47,7;62,84;15,14;
28900131;28.01.1980;47,73;62,84;15,11;
28900131;25.02.1980;47,75;62,84;15,09;
28900131;31.03.1980;47,81;62,84;15,03;
28900131;28.04.1980;47,84;62,84;15;
28900131;26.05.1980;47,86;62,84;14,98;
28900131;30.06.1980;47,99;62,84;14,85;
28900131;28.07.1980;48,04;62,84;14,8;
28900131;25.08.1980;48,07;62,84;14,77;
28900131;29.09.1980;48,13;62,84;14,71;
28900131;27.10.1980;48,11;62,84;14,73;
28900131;24.11.1980;48,16;62,84;14,68;
28900131;29.12.1980;48,07;62,84;14,77;
28900131;26.01.1981;48,16;62,84;14,68;
28900131;23.02.1981;48,28;62,84;14,56;
28900131;30.03.1981;48,37;62,84;14,47;
28900131;27.04.1981;48,48;62,84;14,36;
28900131;25.05.1981;48,57;62,84;14,27;
28900131;29.06.1981;48,65;62,84;14,19;
28900131;27.07.1981;48,72;62,84;14,12;
28900131;31.08.1981;48,77;62,84;14,07;
28900131;28.09.1981;48,8;62,84;14,04;
28900131;26.10.1981;48,84;62,84;14;
28900131;30.11.1981;48,82;62,84;14,02;
28900131;28.12.1981;48,89;62,84;13,95;
28900131;25.01.1982;48,94;62,84;13,9;
28900131;22.02.1982;49,04;62,84;13,8;
28900131;29.03.1982;49,17;62,84;13,67;
28900131;26.04.1982;49,23;62,84;13,61;
28900131;31.05.1982;49,3;62,84;13,54;
28900131;28.06.1982;49,33;62,84;13,51;
28900131;26.07.1982;49,32;62,84;13,52;
28900131;30.08.1982;49,3;62,84;13,54;
28900131;27.09.1982;49,27;62,84;13,57;
28900131;25.10.1982;49,25;62,84;13,59;
28900131;29.11.1982;49,22;62,84;13,62;
28900131;27.12.1982;49,26;62,84;13,58;
28900131;31.01.1983;49,21;62,84;13,63;
28900131;28.02.1983;49,25;62,84;13,59;
28900131;28.03.1983;49,3;62,84;13,54;
28900131;25.04.1983;49,34;62,84;13,5;
28900131;30.05.1983;49,39;62,84;13,45;
28900131;27.06.1983;49,47;62,84;13,37;
28900131;25.07.1983;49,51;62,84;13,33;
28900131;29.08.1983;49,61;62,84;13,23;
28900131;26.09.1983;49,58;62,84;13,26;
28900131;31.10.1983;49,54;62,84;13,3;
28900131;28.11.1983;49,54;62,84;13,3;
28900131;26.12.1983;49,44;62,84;13,4;
28900131;30.01.1984;49,44;62,84;13,4;
28900131;27.02.1984;49,46;62,84;13,38;
28900131;26.03.1984;49,47;62,84;13,37;
28900131;30.04.1984;49,42;62,84;13,42;
28900131;28.05.1984;49,4;62,84;13,44;
28900131;25.06.1984;49,47;62,84;13,37;
28900131;30.07.1984;49,53;62,84;13,31;
28900131;27.08.1984;49,6;62,84;13,24;
28900131;24.09.1984;49,62;62,84;13,22;
28900131;29.10.1984;49,58;62,84;13,26;
28900131;26.11.1984;49,62;62,84;13,22;
28900131;31.12.1984;49,61;62,84;13,23;
28900131;28.01.1985;49,6;62,84;13,24;
28900131;25.02.1985;49,64;62,84;13,2;
28900131;25.03.1985;49,66;62,84;13,18;
28900131;29.04.1985;49,7;62,84;13,14;
28900131;27.05.1985;49,75;62,84;13,09;
28900131;24.06.1985;49,78;62,84;13,06;
28900131;29.07.1985;49,79;62,84;13,05;
28900131;26.08.1985;49,88;62,84;12,96;
28900131;30.09.1985;49,91;62,84;12,93;
28900131;28.10.1985;49,9;62,84;12,94;
28900131;25.11.1985;49,86;62,84;12,98;
28900131;30.12.1985;49,83;62,84;13,01;
28900131;27.01.1986;49,85;62,84;12,99;
28900131;24.02.1986;49,9;62,84;12,94;
28900131;31.03.1986;50,02;62,84;12,82;
28900131;28.04.1986;49,95;62,84;12,89;
28900131;26.05.1986;49,94;62,84;12,9;
28900131;30.06.1986;49,98;62,84;12,86;
28900131;28.07.1986;50;62,84;12,84;
28900131;25.08.1986;49,94;62,84;12,9;
28900131;29.09.1986;49,85;62,84;12,99;
28900131;27.10.1986;49,82;62,84;13,02;
28900131;03.11.1986;49,8;62,84;13,04;
28900131;01.12.1986;49,76;62,84;13,08;
28900131;05.01.1987;49,79;62,84;13,05;
28900131;02.02.1987;49,75;62,84;13,09;
28900131;02.03.1987;49,76;62,84;13,08;
28900131;06.04.1987;49,77;62,84;13,07;
28900131;04.05.1987;49,84;62,84;13;
28900131;01.06.1987;49,89;62,84;12,95;
28900131;06.07.1987;49,91;62,84;12,93;
28900131;03.08.1987;49,88;62,84;12,96;
28900131;07.09.1987;49,85;62,84;12,99;
28900131;05.10.1987;49,82;62,84;13,02;
28900131;02.11.1987;49,79;62,84;13,05;
28900131;07.12.1987;49,68;62,84;13,16;
28900131;04.01.1988;49,69;62,84;13,15;
28900131;01.02.1988;49,72;62,84;13,12;
28900131;07.03.1988;49,8;62,84;13,04;
28900131;04.04.1988;49,86;62,84;12,98;
28900131;02.05.1988;49,92;62,82;12,9;
28900131;06.06.1988;50,12;62,82;12,7;
28900131;04.07.1988;50,07;62,82;12,75;
28900131;01.08.1988;50,14;62,82;12,68;
28900131;05.09.1988;50,12;62,82;12,7;
28900131;03.10.1988;49,97;62,82;12,85;
28900131;07.11.1988;49,82;62,82;13;
28900131;05.12.1988;49,8;62,82;13,02;
28900131;02.01.1989;49,82;62,82;13;
28900131;06.02.1989;49,8;62,82;13,02;
28900131;06.03.1989;49,82;62,82;13;
28900131;03.04.1989;49,84;62,82;12,98;
28900131;01.05.1989;49,79;62,82;13,03;
28900131;05.06.1989;49,75;62,82;13,07;
28900131;03.07.1989;49,83;62,82;12,99;
28900131;07.08.1989;49,85;62,82;12,97;
28900131;04.09.1989;49,82;62,82;13;
28900131;02.10.1989;49,82;62,82;13;
28900131;06.11.1989;49,88;62,82;12,94;
28900131;04.12.1989;49,72;62,82;13,1;
28900131;01.01.1990;49,68;62,82;13,14;
28900131;05.02.1990;49,67;62,82;13,15;
28900131;05.03.1990;49,72;62,82;13,1;
28900131;02.04.1990;49,64;62,82;13,18;
28900131;07.05.1990;49,6;62,82;13,22;
28900131;04.06.1990;49,48;62,82;13,34;
28900131;02.07.1990;49,42;62,82;13,4;
28900131;06.08.1990;49,36;62,82;13,46;
28900131;03.09.1990;49,29;62,82;13,53;
28900131;01.10.1990;49,21;62,82;13,61;
28900131;05.11.1990;49,14;62,82;13,68;
28900131;03.12.1990;49,04;62,82;13,78;
28900131;07.01.1991;49,03;62,82;13,79;
28900131;04.02.1991;48,99;62,82;13,83;
28900131;04.03.1991;48,93;62,82;13,89;
28900131;01.04.1991;48,91;62,82;13,91;
28900131;06.05.1991;48,86;62,82;13,96;
28900131;03.06.1991;48,83;62,82;13,99;
28900131;01.07.1991;48,77;62,82;14,05;
28900131;05.08.1991;48,73;62,82;14,09;
28900131;02.09.1991;48,66;62,82;14,16;
28900131;07.10.1991;48,59;62,82;14,23;
28900131;04.11.1991;48,54;62,82;14,28;
28900131;02.12.1991;48,49;62,82;14,33;
28900131;06.01.1992;48,54;62,82;14,28;
28900131;03.02.1992;48,34;62,82;14,48;
28900131;02.03.1992;48,32;62,82;14,5;
28900131;06.04.1992;48,3;62,82;14,52;
28900131;04.05.1992;48,24;62,82;14,58;
28900131;01.06.1992;48,23;62,82;14,59;
28900131;06.07.1992;48,21;62,82;14,61;
28900131;03.08.1992;48,18;62,82;14,64;
28900131;07.09.1992;48,12;62,82;14,7;
28900131;05.10.1992;48,07;62,82;14,75;
28900131;02.11.1992;48,06;62,82;14,76;
28900131;07.12.1992;48,02;62,82;14,8;
28900131;04.01.1993;47,85;62,82;14,97;
28900131;01.02.1993;48,01;62,82;14,81;
28900131;01.03.1993;48,05;62,82;14,77;
28900131;05.04.1993;48,09;62,82;14,73;
28900131;29.05.1993;48,1;62,82;14,72;
28900131;26.06.1993;48,11;62,82;14,71;
28900131;31.07.1993;48,09;62,82;14,73;
28900131;28.08.1993;48,09;62,82;14,73;
28900131;26.09.1993;48,1;62,82;14,72;
28900131;30.10.1993;48,12;62,82;14,7;
28900131;28.11.1993;48,06;62,82;14,76;
28900131;27.12.1993;48,1;62,82;14,72;
28900131;29.01.1994;48,2;62,82;14,62;
28900131;26.02.1994;48,4;62,82;14,42;
28900131;26.03.1994;48,7;62,82;14,12;
28900131;30.04.1994;48,78;62,82;14,04;
28900131;28.05.1994;48,83;62,82;13,99;
28900131;25.06.1994;49;62,82;13,82;
28900131;30.07.1994;49,04;62,82;13,78;
28900131;31.08.1994;49,05;62,82;13,77;
28900131;30.09.1994;49,05;62,82;13,77;
28900131;31.10.1994;49,08;62,82;13,74;
28900131;26.11.1994;49;62,82;13,82;
28900131;31.12.1994;48,92;62,82;13,9;
28900131;30.01.1995;48,88;62,82;13,94;
28900131;28.02.1995;49;62,82;13,82;
28900131;31.03.1995;49,1;62,82;13,72;
28900131;28.04.1995;49;62,82;13,82;
28900131;31.05.1995;49,25;62,82;13,57;
28900131;30.06.1995;49,3;62,82;13,52;
28900131;28.07.1995;49,12;62,82;13,7;
28900131;30.08.1995;48,99;62,82;13,83;
28900131;30.09.1995;48,85;62,82;13,97;
28900131;30.10.1995;49,04;62,82;13,78;
28900131;25.11.1995;48,93;62,82;13,89;
28900131;30.12.1995;49,12;62,82;13,7;
28900131;31.01.1996;49,04;62,82;13,78;
28900131;29.02.1996;49,02;62,82;13,8;
28900131;30.03.1996;48,98;62,82;13,84;
28900131;30.04.1996;48,91;62,82;13,91;
28900131;30.05.1996;48,86;62,82;13,96;
28900131;29.06.1996;48,79;62,82;14,03;
28900131;31.07.1996;48,68;62,82;14,14;
28900131;31.08.1996;48,63;62,82;14,19;
28900131;30.09.1996;48,6;62,82;14,22;
28900131;30.11.1996;48,52;62,82;14,3;
28900131;29.12.1996;48,46;62,82;14,36;
28900131;31.01.1997;48,11;62,82;14,71;
28900131;28.02.1997;48,07;62,82;14,75;
28900131;26.03.1997;48,38;62,82;14,44;
28900131;26.04.1997;48,25;62,82;14,57;
28900131;30.05.1997;48,34;62,82;14,48;
28900131;29.06.1997;48,34;62,82;14,48;
28900131;30.07.1997;48,35;62,82;14,47;
28900131;30.08.1997;48,32;62,82;14,5;
28900131;29.09.1997;48,29;62,82;14,53;
28900131;31.10.1997;48,28;62,82;14,54;
28900131;30.11.1997;48,26;62,82;14,56;
28900131;30.12.1997;48,28;62,82;14,54;
28900131;31.01.1998;48,34;62,82;14,48;
28900131;28.02.1998;48,21;62,82;14,61;
28900131;31.03.1998;48,14;62,82;14,68;
28900131;30.04.1998;48,14;62,82;14,68;
28900131;28.05.1998;48,14;62,82;14,68;
28900131;30.06.1998;48,21;62,82;14,61;
28900131;27.07.1998;48,27;62,82;14,55;
28900131;29.08.1998;48,29;62,82;14,53;
28900131;26.09.1998;48,34;62,82;14,48;
28900131;31.10.1998;48,34;62,82;14,48;
28900131;30.11.1998;48,43;62,82;14,39;
28900131;31.12.1998;48,56;62,82;14,26;
28900131;30.01.1999;48,73;62,82;14,09;
28900131;27.02.1999;48,84;62,82;13,98;
28900131;31.03.1999;49,04;62,82;13,78;
28900131;28.04.1999;49,27;62,82;13,55;
28900131;29.05.1999;49,42;62,82;13,4;
28900131;30.06.1999;49,47;62,82;13,35;
28900131;28.07.1999;49,51;62,82;13,31;
28900131;28.08.1999;49,53;62,82;13,29;
28900131;30.09.1999;49,52;62,82;13,3;
28900131;30.10.1999;49,49;62,82;13,33;
28900131;27.11.1999;49,42;62,82;13,4;
28900131;27.12.1999;49,41;62,82;13,41;
28900131;30.01.2000;49,37;62,82;13,45;
28900131;26.02.2000;49,36;62,82;13,46;
28900131;31.03.2000;49,39;62,82;13,43;
28900131;29.04.2000;49,46;62,82;13,36;
28900131;31.05.2000;49,49;62,82;13,33;
28900131;30.06.2000;49,51;62,82;13,31;
28900131;31.07.2000;49,49;62,82;13,33;
28900131;26.08.2000;49,44;62,82;13,38;
28900131;30.09.2000;49,44;62,82;13,38;
28900131;30.10.2000;49,43;62,82;13,39;
28900131;30.11.2000;49,38;62,82;13,44;
28900131;30.12.2000;49,37;62,82;13,45;
28900131;31.01.2001;49,34;62,82;13,48;
28900131;27.02.2001;49,43;62,82;13,39;
28900131;31.03.2001;49,5;62,82;13,32;
28900131;30.04.2001;49,58;62,82;13,24;
28900131;26.05.2001;49,6;62,82;13,22;
28900131;30.06.2001;49,69;62,82;13,13;
28900131;29.07.2001;49,69;62,82;13,13;
28900131;28.08.2001;49,69;62,82;13,13;
28900131;30.09.2001;49,6;62,82;13,22;
28900131;28.10.2001;49,56;62,82;13,26;
28900131;23.11.2001;49,52;62,82;13,3;
28900131;28.12.2001;49,5;62,82;13,32;
28900131;26.01.2002;49,52;62,82;13,3;
28900131;28.02.2002;49,49;62,82;13,33;
28900131;31.03.2002;49,61;62,82;13,21;
28900131;27.04.2002;49,63;62,82;13,19;
28900131;27.05.2002;49,72;62,82;13,1;
28900131;28.06.2002;49,77;62,82;13,05;
28900131;27.07.2002;49,72;62,82;13,1;
28900131;31.08.2002;49,69;62,82;13,13;
28900131;28.09.2002;49,71;62,82;13,11;
28900131;28.10.2002;49,63;62,82;13,19;
28900131;30.11.2002;49,61;62,82;13,21;
28900131;31.12.2002;49,59;62,82;13,23;
28900131;28.01.2003;49,67;62,82;13,15;
28900131;22.02.2003;49,63;62,82;13,19;
28900131;31.03.2003;49,74;62,82;13,08;
28900131;30.04.2003;49,76;62,82;13,06;
28900131;31.05.2003;49,76;62,82;13,06;
28900131;28.06.2003;49,67;62,82;13,15;
28900131;26.07.2003;49,64;62,82;13,18;
28900131;30.08.2003;49,6;62,82;13,22;
28900131;27.09.2003;49,56;62,82;13,26;
28900131;25.10.2003;49,51;62,82;13,31;
28900131;29.11.2003;49,48;62,82;13,34;
28900131;27.12.2003;49,41;62,82;13,41;
28900131;28.01.2004;49,43;62,82;13,39;
28900131;28.02.2004;49,45;62,82;13,37;
28900131;26.03.2004;49,43;62,82;13,39;
28900131;27.04.2004;49,42;62,82;13,4;
28900131;30.05.2004;49,39;62,82;13,43;
28900131;28.06.2004;49,39;62,82;13,43;
28900131;02.08.2004;49,37;62,82;13,45;
28900131;30.08.2004;49,35;62,82;13,47;
28900131;28.09.2004;49,32;62,82;13,5;
28900131;29.10.2004;49,31;62,82;13,51;
28900131;29.11.2004;49,26;62,82;13,56;
28900131;30.12.2004;49,26;62,82;13,56;
28900131;29.01.2005;49,22;62,82;13,6;
28900131;26.02.2005;49,25;62,82;13,57;
28900131;28.03.2005;49,32;62,82;13,5;
28900131;30.04.2005;49,37;62,82;13,45;
28900131;28.05.2005;49,39;62,82;13,43;
28900131;26.06.2005;49,29;62,82;13,53;
28900131;28.07.2005;49,33;62,82;13,49;
28900131;27.08.2005;49,3;62,82;13,52;
28900131;27.09.2005;49,27;62,82;13,55;
28900131;29.10.2005;49,24;62,82;13,58;
28900131;27.11.2005;49,22;62,82;13,6;
28900131;31.12.2005;49,16;62,82;13,66;
28900131;29.01.2006;49,16;62,82;13,66;
28900131;25.02.2006;49,11;62,82;13,71;
28900131;26.03.2006;49,12;62,82;13,7;
28900131;28.04.2006;49,09;62,82;13,73;
28900131;29.05.2006;49,06;62,82;13,76;
28900131;26.06.2006;49,07;62,82;13,75;
28900131;31.07.2006;48,94;62,82;13,88;
28900131;26.08.2006;48,91;62,82;13,91;
28900131;29.09.2006;48,98;62,82;13,84;
28900131;28.10.2006;48,96;62,82;13,86;
28900131;25.11.2006;48,94;62,82;13,88;
28900131;31.12.2006;48,88;62,82;13,94;
28900131;28.01.2007;48,85;62,82;13,97;
28900131;24.02.2007;48,84;62,82;13,98;
28900131;30.03.2007;48,85;62,82;13,97;
28900131;27.04.2007;48,88;62,82;13,94;
28900131;27.05.2007;48,89;62,82;13,93;
28900131;30.06.2007;48,87;62,82;13,95;
28900131;29.07.2007;48,87;62,82;13,95;
28900131;31.08.2007;48,87;62,82;13,95;
28900131;28.09.2007;48,84;62,82;13,98;
28900131;28.10.2007;48,82;62,82;14;
28900131;26.11.2007;48,8;62,82;14,02;
28900131;01.01.2008;48,79;62,82;14,03;
28900131;27.01.2008;48,77;62,82;14,05;
28900131;27.02.2008;48,76;62,82;14,06;
28900131;29.03.2008;48,76;62,82;14,06;
28900131;28.04.2008;48,77;62,82;14,05;
28900131;01.06.2008;48,8;62,82;14,02;
28900131;28.06.2008;48,81;62,82;14,01;
28900131;27.07.2008;48,82;62,82;14;
28900131;28.08.2008;48,84;62,82;13,98;
28900131;27.09.2008;48,82;62,82;14;
28900131;21.10.2008;48,83;62,82;13,99;
28900131;29.11.2008;48,79;62,82;14,03;
28900131;31.12.2008;48,76;62,82;14,06;
28900131;30.01.2009;48,74;62,82;14,08;
28900131;28.02.2009;48,73;62,82;14,09;
28900131;28.03.2009;48,72;62,82;14,1;
28900131;26.04.2009;48,71;62,82;14,11;
28900131;31.05.2009;48,72;62,82;14,1;
28900131;25.06.2009;48,68;62,82;14,14;
28900131;26.07.2009;48,7;62,82;14,12;
28900131;30.08.2009;48,67;62,82;14,15;
28900131;27.09.2009;48,64;62,82;14,18;
28900131;01.11.2009;48,62;62,82;14,2;
28900131;27.11.2009;48,61;62,82;14,21;
28900131;03.01.2010;48,6;62,82;14,22;
28900131;28.01.2010;48,62;62,82;14,2;
28900131;28.02.2010;48,66;62,82;14,16;
28900131;27.03.2010;48,7;62,82;14,12;
28900131;26.04.2010;48,73;62,82;14,09;
28900131;30.05.2010;48,76;62,82;14,06;
28900131;27.06.2010;48,75;62,82;14,07;
28900131;31.07.2010;48,64;62,82;14,18;
28900131;30.08.2010;48,65;62,82;14,17;
28900131;26.09.2010;48,68;62,82;14,14;
28900131;01.11.2010;48,67;62,82;14,15;
28900131;28.11.2010;48,67;62,82;14,15;
28900131;04.01.2011;48,72;62,82;14,1;
28900131;29.01.2011;48,75;62,82;14,07;
28900131;28.02.2011;48,83;62,82;13,99;
28900131;31.03.2011;48,96;62,82;13,86;
28900131;29.04.2011;49,02;62,82;13,8;
28900131;28.05.2011;49,05;62,82;13,77;
28900131;27.06.2011;49;62,82;13,82;
28900131;31.07.2011;48,99;62,82;13,83;
28900131;28.08.2011;48,98;62,82;13,84;
28900131;01.10.2011;48,95;62,82;13,87;
28900131;28.10.2011;48,94;62,82;13,88;
28900131;25.11.2011;48,9;62,82;13,92;
28900131;02.01.2012;48,86;62,82;13,96;
28900131;25.01.2012;48,89;62,82;13,93;
28900131;25.02.2012;48,87;62,82;13,95;
28900131;30.03.2012;48,84;62,82;13,98;
28900131;29.04.2012;48,83;62,82;13,99;
28900131;28.05.2012;48,81;62,82;14,01;
28900131;30.06.2012;48,77;62,82;14,05;
28900131;29.07.2012;48,74;62,82;14,08;
28900131;27.08.2012;48,71;62,82;14,11;
28900131;25.09.2012;48,67;62,82;14,15;
28900131;26.10.2012;48,64;62,82;14,18;
28900131;27.11.2012;48,61;62,82;14,21;
28900131;29.12.2012;48,58;62,82;14,24;
28900131;30.01.2013;48,57;62,82;14,25;
28900131;23.02.2013;48,57;62,82;14,25;
28900131;29.03.2013;48,59;62,82;14,23;
28900131;27.04.2013;48,6;62,82;14,22;
28900131;26.05.2013;48,6;62,82;14,22;
28900131;01.07.2013;48,59;62,82;14,23;
28900131;27.07.2013;48,54;62,82;14,28;
28900131;31.08.2013;48,49;62,82;14,33;
28900131;29.09.2013;48,46;62,82;14,36;
28900131;28.10.2013;48,44;62,82;14,38;
28900131;30.11.2013;48,41;62,82;14,41;
28900131;31.12.2013;48,42;62,82;14,4;
28900131;27.01.2014;48,37;62,82;14,45;
28900131;26.02.2014;48,35;62,82;14,47;
28900131;30.03.2014;48,32;62,82;14,5;
28900131;26.04.2014;48,3;62,82;14,52;
28900131;02.06.2014;48,28;62,82;14,54;
28900131;29.06.2014;48,23;62,82;14,59;
28900131;27.07.2014;48,23;62,82;14,59;
28900131;01.09.2014;48,25;62,82;14,57;
28900131;26.09.2014;48,22;62,82;14,6;
28900131;21.10.2014;48,3;62,82;14,52;
28900131;29.11.2014;48,32;62,82;14,5;
28900131;18.12.2014;48,32;62,82;14,5;
28900131;31.01.2015;48,37;62,82;14,45;
28900131;27.02.2015;48,42;62,82;14,4;
28900131;27.03.2015;48,49;62,82;14,33;
28900131;24.04.2015;48,55;62,82;14,27;
28900131;29.05.2015;48,61;62,82;14,21;
28900131;26.06.2015;48,51;62,82;14,31;
28900131;23.07.2015;48,55;62,82;14,27;
28900131;28.08.2015;48,56;62,82;14,26;
28900131;25.09.2015;48,54;62,82;14,28;
28900131;30.10.2015;48,51;62,82;14,31;
28900131;27.11.2015;48,51;62,82;14,31;
28900131;29.12.2015;48,49;62,82;14,33;
28900131;28.01.2016;48,48;62,82;14,34;
28900131;26.02.2016;48,54;62,82;14,28;
28900131;30.03.2016;48,6;62,82;14,22;
28900131;30.04.2016;48,69;62,82;14,13;
28900131;29.05.2016;48,71;62,82;14,11;
28900131;24.06.2016;48,73;62,82;14,09;
28900131;29.07.2016;48,8;62,82;14,02;
28900131;24.08.2016;48,82;62,82;14;
28900131;26.09.2016;48,83;62,82;13,99;
28900131;27.10.2016;48,82;62,82;14;
28900131;25.11.2016;48,8;62,82;14,02;
28900131;30.12.2016;48,76;62,82;14,06;
28900131;26.01.2017;48,74;62,82;14,08;
28900131;22.02.2017;48,73;62,82;14,09;
28900131;27.04.2017;48,69;62,82;14,13;
28900131;31.05.2017;48,66;62,82;14,16;
28900131;20.06.2017;48,63;62,82;14,19;
28900131;27.07.2017;48,57;62,82;14,25;
28900131;23.08.2017;48,54;62,82;14,28;
28900131;26.09.2017;48,52;62,82;14,3;
28900131;23.10.2017;48,54;62,82;14,28;
28900131;27.11.2017;48,52;62,82;14,3;
28900131;02.01.2018;48,53;62,82;14,29;
28900131;29.01.2018;48,54;62,82;14,28;
28900131;26.02.2018;48,62;62,82;14,2;
28900131;03.04.2018;48,56;62,82;14,26;
28900131;30.04.2018;48,58;62,82;14,24;
28900131;28.05.2018;48,58;62,82;14,24;
28900131;02.07.2018;48,5;62,82;14,32;
28900131;30.07.2018;48,38;62,82;14,44;
28900131;27.08.2018;48,32;62,82;14,5;
28900131;28.09.2018;48,27;62,82;14,55;
28900131;29.10.2018;48,24;62,82;14,58;
28900131;26.11.2018;48,2;62,82;14,62;
28900131;27.12.2018;48,22;62,82;14,6;
28900131;29.01.2019;48,14;62,82;14,68;
28900131;26.02.2019;48,14;62,82;14,68;
28900131;29.03.2019;48,1;62,82;14,72;
28900131;29.04.2019;48,08;62,82;14,74;
28900131;27.05.2019;48,06;62,82;14,76;
28900131;01.07.2019;48;62,82;14,82;
28900131;29.07.2019;47,93;62,82;14,89;
28900131;02.09.2019;47,9;62,82;14,92;
28900131;30.09.2019;47,81;62,82;15,01;
28900131;25.10.2019;47,78;62,82;15,04;
28900131;29.11.2019;47,77;62,82;15,05;
28900131;31.12.2019;47,79;62,82;15,03;
28900131;24.01.2020;47,79;62,82;15,03;
28900131;31.03.2020;47,79;62,82;15,03;
28900131;27.04.2020;47,86;62,82;14,96;
28900131;02.06.2020;47,88;62,82;14,94;
28900131;29.06.2020;47,8;62,82;15,02;
28900131;24.07.2020;47,85;62,82;14,97;
28900131;31.08.2020;47,71;62,82;15,11;
28900131;28.09.2020;47,68;62,82;15,14;
28900131;02.11.2020;47,68;62,82;15,14;
28900131;30.11.2020;47,66;62,82;15,16;
28900131;28.12.2020;47,67;62,82;15,15;
28900131;02.02.2021;47,62;62,82;15,2;
28900131;01.03.2021;47,62;62,82;15,2;
28900131;29.03.2021;47,65;62,82;15,17;
28900131;26.04.2021;47,68;62,82;15,14;
28900131;31.05.2021;47,7;62,82;15,12;
28900131;28.06.2021;47,68;62,82;15,14;
28900131;02.08.2021;47,73;62,82;15,09;
28900131;30.08.2021;47,8;62,82;15,02;
28900131;27.09.2021;47,85;62,82;14,97;
28900131;29.11.2021;47,58;62,82;15,24;
28900131;28.12.2021;47,91;62,82;14,91;
28900131;31.01.2022;47,93;62,82;14,89;
