,Jahr,MO_TROPENNAECHTE,MO_FROSTTAGE,MO_SOMMERTAGE,MO_HEISSE_TAGE,MO_EISTAGE,MO_SOMMERTAGE_RCP8.5_Minimum,MO_SOMMERTAGE_RCP8.5_Median,MO_SOMMERTAGE_RCP8.5_Maximum,MO_SOMMERTAGE_RCP4.5_Minimum,MO_SOMMERTAGE_RCP4.5_Median,MO_SOMMERTAGE_RCP4.5_Maximum,MO_SOMMERTAGE_RCP2.6_Minimum,MO_SOMMERTAGE_RCP2.6_Median,MO_SOMMERTAGE_RCP2.6_Maximum,MO_HEISSE_TAGE_RCP8.5_Minimum,MO_HEISSE_TAGE_RCP8.5_Median,MO_HEISSE_TAGE_RCP8.5_Maximum,MO_HEISSE_TAGE_RCP4.5_Minimum,MO_HEISSE_TAGE_RCP4.5_Median,MO_HEISSE_TAGE_RCP4.5_Maximum,MO_HEISSE_TAGE_RCP2.6_Minimum,MO_HEISSE_TAGE_RCP2.6_Median,MO_HEISSE_TAGE_RCP2.6_Maximum,MO_TROPENNAECHTE_RCP8.5_Minimum,MO_TROPENNAECHTE_RCP8.5_Median,MO_TROPENNAECHTE_RCP8.5_Maximum,MO_TROPENNAECHTE_RCP4.5_Minimum,MO_TROPENNAECHTE_RCP4.5_Median,MO_TROPENNAECHTE_RCP4.5_Maximum,MO_TROPENNAECHTE_RCP2.6_Minimum,MO_TROPENNAECHTE_RCP2.6_Median,MO_TROPENNAECHTE_RCP2.6_Maximum,MO_FROSTTAGE_RCP8.5_Minimum,MO_FROSTTAGE_RCP8.5_Median,MO_FROSTTAGE_RCP8.5_Maximum,MO_FROSTTAGE_RCP4.5_Minimum,MO_FROSTTAGE_RCP4.5_Median,MO_FROSTTAGE_RCP4.5_Maximum,MO_FROSTTAGE_RCP2.6_Minimum,MO_FROSTTAGE_RCP2.6_Median,MO_FROSTTAGE_RCP2.6_Maximum,MO_EISTAGE_RCP8.5_Minimum,MO_EISTAGE_RCP8.5_Median,MO_EISTAGE_RCP8.5_Maximum,MO_EISTAGE_RCP4.5_Minimum,MO_EISTAGE_RCP4.5_Median,MO_EISTAGE_RCP4.5_Maximum,MO_EISTAGE_RCP2.6_Minimum,MO_EISTAGE_RCP2.6_Median,MO_EISTAGE_RCP2.6_Maximum
0,1969.0,0.0,59.0,29.0,5.0,9.0,29.0,29.0,29.0,29.0,29.0,29.0,29.0,29.0,29.0,5.0,5.0,5.0,5.0,5.0,5.0,5.0,5.0,5.0,0.0,0.0,0.0,0.0,0.0,0.0,0.0,0.0,0.0,59.0,59.0,59.0,59.0,59.0,59.0,59.0,59.0,59.0,9.0,9.0,9.0,9.0,9.0,9.0,9.0,9.0,9.0
1,1971.0,0.0,60.0,30.0,5.0,10.0,30.0,30.0,30.0,30.0,30.0,30.0,30.0,30.0,30.0,5.0,5.0,5.0,5.0,5.0,5.0,5.0,5.0,5.0,0.0,0.0,0.0,0.0,0.0,0.0,0.0,0.0,0.0,60.0,60.0,60.0,60.0,60.0,60.0,60.0,60.0,60.0,10.0,10.0,10.0,10.0,10.0,10.0,10.0,10.0,10.0
2,1972.0,0.0,59.0,30.0,5.0,10.0,30.0,30.0,30.0,30.0,30.0,30.0,30.0,30.0,30.0,5.0,5.0,5.0,5.0,5.0,5.0,5.0,5.0,5.0,0.0,0.0,0.0,0.0,0.0,0.0,0.0,0.0,0.0,59.0,59.0,59.0,59.0,59.0,59.0,59.0,59.0,59.0,10.0,10.0,10.0,10.0,10.0,10.0,10.0,10.0,10.0
3,1973.0,0.0,58.0,30.0,5.0,10.0,30.0,30.0,30.0,30.0,30.0,30.0,30.0,30.0,30.0,5.0,5.0,5.0,5.0,5.0,5.0,5.0,5.0,5.0,0.0,0.0,0.0,0.0,0.0,0.0,0.0,0.0,0.0,58.0,58.0,58.0,58.0,58.0,58.0,58.0,58.0,58.0,10.0,10.0,10.0,10.0,10.0,10.0,10.0,10.0,10.0
4,1975.0,0.0,55.0,31.0,5.0,9.0,31.0,31.0,31.0,31.0,31.0,31.0,31.0,31.0,31.0,5.0,5.0,5.0,5.0,5.0,5.0,5.0,5.0,5.0,0.0,0.0,0.0,0.0,0.0,0.0,0.0,0.0,0.0,55.0,55.0,55.0,55.0,55.0,55.0,55.0,55.0,55.0,9.0,9.0,9.0,9.0,9.0,9.0,9.0,9.0,9.0
5,1976.0,0.0,56.0,31.0,5.0,9.0,31.0,31.0,31.0,31.0,31.0,31.0,31.0,31.0,31.0,5.0,5.0,5.0,5.0,5.0,5.0,5.0,5.0,5.0,0.0,0.0,0.0,0.0,0.0,0.0,0.0,0.0,0.0,56.0,56.0,56.0,56.0,56.0,56.0,56.0,56.0,56.0,9.0,9.0,9.0,9.0,9.0,9.0,9.0,9.0,9.0
6,1977.0,0.0,55.0,32.0,5.0,9.0,32.0,32.0,32.0,32.0,32.0,32.0,32.0,32.0,32.0,5.0,5.0,5.0,5.0,5.0,5.0,5.0,5.0,5.0,0.0,0.0,0.0,0.0,0.0,0.0,0.0,0.0,0.0,55.0,55.0,55.0,55.0,55.0,55.0,55.0,55.0,55.0,9.0,9.0,9.0,9.0,9.0,9.0,9.0,9.0,9.0
7,1978.0,0.0,52.0,32.0,6.0,7.0,32.0,32.0,32.0,32.0,32.0,32.0,32.0,32.0,32.0,6.0,6.0,6.0,6.0,6.0,6.0,6.0,6.0,6.0,0.0,0.0,0.0,0.0,0.0,0.0,0.0,0.0,0.0,52.0,52.0,52.0,52.0,52.0,52.0,52.0,52.0,52.0,7.0,7.0,7.0,7.0,7.0,7.0,7.0,7.0,7.0
8,1979.0,0.0,51.0,33.0,6.0,7.0,33.0,33.0,33.0,33.0,33.0,33.0,33.0,33.0,33.0,6.0,6.0,6.0,6.0,6.0,6.0,6.0,6.0,6.0,0.0,0.0,0.0,0.0,0.0,0.0,0.0,0.0,0.0,51.0,51.0,51.0,51.0,51.0,51.0,51.0,51.0,51.0,7.0,7.0,7.0,7.0,7.0,7.0,7.0,7.0,7.0
9,1980.0,0.0,52.0,33.0,6.0,8.0,33.0,33.0,33.0,33.0,33.0,33.0,33.0,33.0,33.0,6.0,6.0,6.0,6.0,6.0,6.0,6.0,6.0,6.0,0.0,0.0,0.0,0.0,0.0,0.0,0.0,0.0,0.0,52.0,52.0,52.0,52.0,52.0,52.0,52.0,52.0,52.0,8.0,8.0,8.0,8.0,8.0,8.0,8.0,8.0,8.0
10,1982.0,0.0,51.0,33.0,6.0,8.0,33.0,33.0,33.0,33.0,33.0,33.0,33.0,33.0,33.0,6.0,6.0,6.0,6.0,6.0,6.0,6.0,6.0,6.0,0.0,0.0,0.0,0.0,0.0,0.0,0.0,0.0,0.0,51.0,51.0,51.0,51.0,51.0,51.0,51.0,51.0,51.0,8.0,8.0,8.0,8.0,8.0,8.0,8.0,8.0,8.0
11,1983.0,0.0,51.0,33.0,6.0,8.0,33.0,33.0,33.0,33.0,33.0,33.0,33.0,33.0,33.0,6.0,6.0,6.0,6.0,6.0,6.0,6.0,6.0,6.0,0.0,0.0,0.0,0.0,0.0,0.0,0.0,0.0,0.0,51.0,51.0,51.0,51.0,51.0,51.0,51.0,51.0,51.0,8.0,8.0,8.0,8.0,8.0,8.0,8.0,8.0,8.0
12,1984.0,0.0,49.0,34.0,6.0,7.0,34.0,34.0,34.0,34.0,34.0,34.0,34.0,34.0,34.0,6.0,6.0,6.0,6.0,6.0,6.0,6.0,6.0,6.0,0.0,0.0,0.0,0.0,0.0,0.0,0.0,0.0,0.0,49.0,49.0,49.0,49.0,49.0,49.0,49.0,49.0,49.0,7.0,7.0,7.0,7.0,7.0,7.0,7.0,7.0,7.0
13,1985.0,0.0,48.0,33.0,6.0,7.0,33.0,33.0,33.0,33.0,33.0,33.0,33.0,33.0,33.0,6.0,6.0,6.0,6.0,6.0,6.0,6.0,6.0,6.0,0.0,0.0,0.0,0.0,0.0,0.0,0.0,0.0,0.0,48.0,48.0,48.0,48.0,48.0,48.0,48.0,48.0,48.0,7.0,7.0,7.0,7.0,7.0,7.0,7.0,7.0,7.0
14,1986.0,,,,,,33.06818181818182,33.18030303030303,33.66818181818182,33.057575757575755,33.16969696969697,33.553030303030305,33.00606060606061,33.125757575757575,33.406060606060606,6.006060606060606,6.0606060606060606,6.356060606060606,6.007575757575758,6.0590909090909095,6.281818181818182,6.0,6.033333333333333,6.175757575757576,0.0,0.030303030303030304,0.3181818181818182,0.0,0.01818181818181818,0.22424242424242424,-0.0015151515151515152,0.004545454545454545,0.16666666666666666,47.27272727272727,47.61515151515152,47.79848484848485,47.333333333333336,47.63333333333333,47.81666666666667,47.38636363636363,47.74848484848485,48.0030303030303,6.715151515151515,6.892424242424243,6.960606060606061,6.774242424242424,6.8954545454545455,6.975757575757576,6.680303030303031,6.904545454545454,7.0227272727272725
15,1987.0,,,,,,33.13636363636363,33.36060606060606,34.336363636363636,33.11515151515152,33.339393939393936,34.10606060606061,33.012121212121215,33.25151515151515,33.81212121212121,6.012121212121212,6.121212121212121,6.712121212121212,6.015151515151516,6.118181818181818,6.5636363636363635,6.0,6.066666666666666,6.351515151515152,0.0,0.06060606060606061,0.6363636363636364,0.0,0.03636363636363636,0.4484848484848485,-0.0030303030303030303,0.00909090909090909,0.3333333333333333,46.54545454545455,47.23030303030303,47.596969696969694,46.666666666666664,47.266666666666666,47.63333333333333,46.77272727272727,47.4969696969697,48.00606060606061,6.430303030303031,6.784848484848485,6.921212121212121,6.548484848484849,6.790909090909091,6.951515151515151,6.36060606060606,6.809090909090909,7.045454545454546
16,1988.0,,,,,,33.20454545454545,33.54090909090909,35.00454545454546,33.17272727272727,33.50909090909091,34.65909090909091,33.018181818181816,33.377272727272725,34.21818181818182,6.0181818181818185,6.181818181818182,7.068181818181818,6.0227272727272725,6.177272727272728,6.845454545454546,6.0,6.1,6.527272727272727,0.0,0.09090909090909091,0.9545454545454546,0.0,0.05454545454545454,0.6727272727272727,-0.004545454545454545,0.013636363636363636,0.5,45.81818181818182,46.845454545454544,47.39545454545455,46.0,46.9,47.45,46.15909090909091,47.24545454545454,48.00909090909091,6.1454545454545455,6.677272727272728,6.881818181818182,6.322727272727272,6.6863636363636365,6.927272727272728,6.040909090909091,6.713636363636364,7.068181818181818
17,1989.0,,,,,,33.27272727272727,33.72121212121212,35.67272727272727,33.23030303030303,33.67878787878788,35.21212121212121,33.02424242424242,33.5030303030303,34.624242424242425,6.024242424242424,6.242424242424242,7.424242424242424,6.03030303030303,6.236363636363636,7.127272727272727,6.0,6.133333333333333,6.703030303030303,0.0,0.12121212121212122,1.2727272727272727,0.0,0.07272727272727272,0.896969696969697,-0.006060606060606061,0.01818181818181818,0.6666666666666666,45.09090909090909,46.46060606060606,47.193939393939395,45.333333333333336,46.53333333333333,47.266666666666666,45.54545454545455,46.99393939393939,48.012121212121215,5.86060606060606,6.569696969696969,6.842424242424243,6.096969696969697,6.581818181818182,6.903030303030303,5.721212121212121,6.618181818181818,7.090909090909091
18,1990.0,,,,,,33.34090909090909,33.90151515151515,36.34090909090909,33.28787878787879,33.84848484848485,35.765151515151516,33.03030303030303,33.628787878787875,35.03030303030303,6.03030303030303,6.303030303030303,7.78030303030303,6.037878787878788,6.295454545454546,7.409090909090909,6.0,6.166666666666667,6.878787878787879,0.0,0.15151515151515152,1.5909090909090908,0.0,0.09090909090909091,1.121212121212121,-0.007575757575757576,0.022727272727272728,0.8333333333333333,44.36363636363636,46.07575757575758,46.99242424242424,44.666666666666664,46.166666666666664,47.083333333333336,44.93181818181818,46.74242424242424,48.015151515151516,5.575757575757576,6.462121212121212,6.803030303030303,5.871212121212121,6.4772727272727275,6.878787878787879,5.401515151515151,6.5227272727272725,7.113636363636363
19,1991.0,,,,,,33.40909090909091,34.08181818181818,37.00909090909091,33.345454545454544,34.018181818181816,36.31818181818182,33.03636363636364,33.75454545454546,35.43636363636364,6.036363636363636,6.363636363636363,8.136363636363637,6.045454545454546,6.3545454545454545,7.690909090909091,6.0,6.2,7.054545454545455,0.0,0.18181818181818182,1.9090909090909092,0.0,0.10909090909090909,1.3454545454545455,-0.00909090909090909,0.02727272727272727,1.0,43.63636363636364,45.69090909090909,46.79090909090909,44.0,45.8,46.9,44.31818181818182,46.49090909090909,48.018181818181816,5.290909090909091,6.3545454545454545,6.763636363636364,5.6454545454545455,6.372727272727273,6.8545454545454545,5.081818181818182,6.427272727272728,7.136363636363637
20,1992.0,,,,,,33.47727272727273,34.262121212121215,37.67727272727273,33.403030303030306,34.18787878787879,36.871212121212125,33.04242424242424,33.88030303030303,35.842424242424244,6.042424242424242,6.424242424242424,8.492424242424242,6.053030303030303,6.413636363636364,7.972727272727273,6.0,6.233333333333333,7.2303030303030305,0.0,0.21212121212121213,2.227272727272727,0.0,0.12727272727272726,1.5696969696969698,-0.010606060606060607,0.031818181818181815,1.1666666666666665,42.90909090909091,45.306060606060605,46.589393939393936,43.333333333333336,45.43333333333334,46.71666666666667,43.70454545454545,46.23939393939394,48.02121212121212,5.006060606060606,6.246969696969697,6.724242424242425,5.41969696969697,6.268181818181818,6.83030303030303,4.762121212121212,6.331818181818182,7.159090909090909
21,1993.0,,,,,,33.54545454545455,34.442424242424245,38.345454545454544,33.46060606060606,34.35757575757576,37.42424242424242,33.04848484848485,34.00606060606061,36.24848484848485,6.048484848484849,6.484848484848484,8.848484848484848,6.0606060606060606,6.472727272727273,8.254545454545454,6.0,6.266666666666667,7.406060606060606,0.0,0.24242424242424243,2.5454545454545454,0.0,0.14545454545454545,1.793939393939394,-0.012121212121212121,0.03636363636363636,1.3333333333333333,42.18181818181818,44.92121212121212,46.38787878787879,42.666666666666664,45.06666666666667,46.53333333333333,43.09090909090909,45.987878787878785,48.02424242424242,4.721212121212121,6.13939393939394,6.684848484848485,5.193939393939393,6.163636363636364,6.806060606060606,4.442424242424242,6.236363636363636,7.181818181818182
22,1994.0,,,,,,33.61363636363637,34.622727272727275,39.013636363636365,33.518181818181816,34.52727272727273,37.97727272727273,33.054545454545455,34.13181818181818,36.654545454545456,6.054545454545455,6.545454545454545,9.204545454545455,6.068181818181818,6.531818181818182,8.536363636363637,6.0,6.3,7.581818181818182,0.0,0.2727272727272727,2.8636363636363638,0.0,0.16363636363636364,2.018181818181818,-0.013636363636363636,0.04090909090909091,1.5,41.45454545454545,44.53636363636364,46.18636363636364,42.0,44.7,46.35,42.47727272727273,45.736363636363635,48.02727272727273,4.4363636363636365,6.031818181818182,6.6454545454545455,4.968181818181819,6.059090909090909,6.781818181818182,4.122727272727273,6.140909090909091,7.204545454545454
23,1995.0,,,,,,33.68181818181818,34.803030303030305,39.68181818181818,33.57575757575758,34.696969696969695,38.53030303030303,33.06060606060606,34.25757575757576,37.06060606060606,6.0606060606060606,6.606060606060606,9.56060606060606,6.075757575757576,6.590909090909091,8.818181818181818,6.0,6.333333333333333,7.757575757575758,0.0,0.30303030303030304,3.1818181818181817,0.0,0.18181818181818182,2.242424242424242,-0.015151515151515152,0.045454545454545456,1.6666666666666665,40.72727272727273,44.15151515151515,45.984848484848484,41.333333333333336,44.333333333333336,46.166666666666664,41.86363636363636,45.484848484848484,48.03030303030303,4.151515151515151,5.924242424242424,6.606060606060606,4.742424242424242,5.954545454545455,6.757575757575758,3.8030303030303028,6.045454545454545,7.2272727272727275
24,1996.0,,,,,,33.75,34.983333333333334,40.35,33.63333333333333,34.86666666666667,39.083333333333336,33.06666666666666,34.38333333333333,37.46666666666667,6.066666666666666,6.666666666666667,9.916666666666668,6.083333333333333,6.65,9.100000000000001,6.0,6.366666666666666,7.933333333333334,0.0,0.33333333333333337,3.5,0.0,0.19999999999999998,2.466666666666667,-0.016666666666666666,0.049999999999999996,1.8333333333333333,40.0,43.766666666666666,45.78333333333333,40.666666666666664,43.96666666666667,45.983333333333334,41.25,45.233333333333334,48.03333333333333,3.8666666666666667,5.816666666666666,6.566666666666666,4.516666666666667,5.85,6.733333333333333,3.4833333333333334,5.95,7.25
25,1997.0,,,,,,33.81818181818182,35.163636363636364,41.018181818181816,33.69090909090909,35.03636363636364,39.63636363636363,33.07272727272727,34.50909090909091,37.872727272727275,6.072727272727273,6.7272727272727275,10.272727272727273,6.090909090909091,6.709090909090909,9.381818181818183,6.0,6.4,8.10909090909091,0.0,0.36363636363636365,3.8181818181818183,0.0,0.21818181818181817,2.690909090909091,-0.01818181818181818,0.05454545454545454,2.0,39.27272727272727,43.38181818181818,45.58181818181818,40.0,43.6,45.8,40.63636363636364,44.981818181818184,48.03636363636364,3.581818181818182,5.709090909090909,6.527272727272727,4.290909090909091,5.745454545454545,6.709090909090909,3.1636363636363636,5.8545454545454545,7.2727272727272725
26,1998.0,,,,,,33.88636363636363,35.343939393939394,41.68636363636364,33.74848484848485,35.2060606060606,40.18939393939394,33.07878787878788,34.63484848484848,38.27878787878788,6.078787878787879,6.787878787878788,10.628787878787879,6.098484848484849,6.7681818181818185,9.663636363636364,6.0,6.433333333333334,8.284848484848485,0.0,0.3939393939393939,4.136363636363637,0.0,0.23636363636363636,2.915151515151515,-0.019696969696969695,0.05909090909090909,2.1666666666666665,38.54545454545455,42.9969696969697,45.38030303030303,39.333333333333336,43.233333333333334,45.61666666666667,40.02272727272727,44.73030303030303,48.03939393939394,3.296969696969697,5.601515151515152,6.487878787878788,4.0651515151515145,5.640909090909091,6.684848484848485,2.8439393939393938,5.759090909090909,7.295454545454546
27,1999.0,,,,,,33.95454545454545,35.52424242424242,42.35454545454545,33.806060606060605,35.375757575757575,40.74242424242424,33.084848484848486,34.76060606060606,38.68484848484849,6.084848484848485,6.848484848484849,10.984848484848484,6.106060606060606,6.827272727272727,9.945454545454545,6.0,6.466666666666667,8.460606060606061,0.0,0.42424242424242425,4.454545454545454,0.0,0.2545454545454545,3.1393939393939396,-0.021212121212121213,0.06363636363636363,2.333333333333333,37.81818181818182,42.61212121212121,45.17878787878788,38.66666666666667,42.86666666666667,45.43333333333333,39.40909090909091,44.47878787878788,48.04242424242425,3.012121212121212,5.493939393939394,6.448484848484848,3.8393939393939394,5.536363636363636,6.660606060606061,2.5242424242424244,5.663636363636364,7.318181818181818
28,2000.0,,,,,,34.02272727272727,35.70454545454545,43.02272727272727,33.86363636363636,35.54545454545455,41.29545454545455,33.09090909090909,34.88636363636363,39.09090909090909,6.090909090909091,6.909090909090909,11.34090909090909,6.113636363636363,6.886363636363637,10.227272727272727,6.0,6.5,8.636363636363637,0.0,0.4545454545454546,4.7727272727272725,0.0,0.2727272727272727,3.3636363636363638,-0.022727272727272728,0.06818181818181818,2.5,37.09090909090909,42.22727272727273,44.97727272727273,38.0,42.5,45.25,38.79545454545455,44.22727272727273,48.04545454545455,2.7272727272727275,5.386363636363637,6.409090909090909,3.6136363636363633,5.431818181818182,6.636363636363637,2.204545454545454,5.568181818181818,7.340909090909091
29,2001.0,,,,,,34.09090909090909,35.88484848484848,43.69090909090909,33.92121212121212,35.71515151515152,41.848484848484844,33.096969696969694,35.01212121212121,39.4969696969697,6.096969696969697,6.96969696969697,11.696969696969697,6.121212121212121,6.945454545454545,10.50909090909091,6.0,6.533333333333333,8.812121212121212,0.0,0.48484848484848486,5.090909090909091,0.0,0.2909090909090909,3.587878787878788,-0.024242424242424242,0.07272727272727272,2.6666666666666665,36.36363636363636,41.842424242424244,44.775757575757574,37.333333333333336,42.13333333333333,45.06666666666666,38.18181818181818,43.97575757575758,48.04848484848485,2.4424242424242424,5.278787878787879,6.36969696969697,3.3878787878787877,5.327272727272727,6.612121212121212,1.8848484848484848,5.472727272727273,7.363636363636363
30,2002.0,,,,,,34.15909090909091,36.06515151515151,44.35909090909091,33.97878787878788,35.88484848484848,42.40151515151515,33.1030303030303,35.13787878787879,39.903030303030306,6.1030303030303035,7.03030303030303,12.053030303030305,6.128787878787879,7.004545454545455,10.790909090909093,6.0,6.566666666666666,8.987878787878788,0.0,0.5151515151515151,5.409090909090909,0.0,0.3090909090909091,3.812121212121212,-0.025757575757575757,0.07727272727272727,2.833333333333333,35.63636363636364,41.45757575757576,44.57424242424243,36.66666666666667,41.766666666666666,44.88333333333333,37.56818181818182,43.724242424242426,48.051515151515154,2.1575757575757573,5.171212121212121,6.33030303030303,3.162121212121212,5.222727272727273,6.587878787878788,1.5651515151515154,5.377272727272727,7.386363636363637
31,2003.0,,,,,,34.22727272727273,36.24545454545454,45.027272727272724,34.03636363636364,36.054545454545455,42.95454545454545,33.10909090909091,35.263636363636365,40.30909090909091,6.109090909090909,7.090909090909091,12.40909090909091,6.136363636363637,7.0636363636363635,11.072727272727274,6.0,6.6,9.163636363636364,0.0,0.5454545454545454,5.7272727272727275,0.0,0.32727272727272727,4.036363636363636,-0.02727272727272727,0.08181818181818182,3.0,34.90909090909091,41.07272727272727,44.372727272727275,36.0,41.4,44.7,36.95454545454545,43.47272727272727,48.054545454545455,1.872727272727273,5.0636363636363635,6.290909090909091,2.9363636363636365,5.118181818181818,6.5636363636363635,1.2454545454545451,5.281818181818181,7.409090909090909
32,2004.0,,,,,,34.29545454545455,36.42575757575757,45.695454545454545,34.093939393939394,36.224242424242426,43.50757575757576,33.11515151515152,35.38939393939394,40.71515151515151,6.115151515151515,7.151515151515151,12.765151515151516,6.143939393939394,7.122727272727273,11.354545454545455,6.0,6.633333333333333,9.33939393939394,0.0,0.5757575757575758,6.045454545454545,0.0,0.34545454545454546,4.260606060606061,-0.02878787878787879,0.08636363636363636,3.1666666666666665,34.18181818181818,40.68787878787879,44.17121212121212,35.333333333333336,41.03333333333333,44.516666666666666,36.34090909090909,43.22121212121212,48.057575757575755,1.587878787878788,4.956060606060606,6.251515151515152,2.71060606060606,5.013636363636364,6.539393939393939,0.9257575757575758,5.1863636363636365,7.431818181818182
33,2005.0,,,,,,34.36363636363637,36.60606060606061,46.36363636363636,34.15151515151515,36.39393939393939,44.06060606060606,33.12121212121212,35.515151515151516,41.121212121212125,6.121212121212121,7.212121212121212,13.121212121212121,6.151515151515151,7.181818181818182,11.636363636363637,6.0,6.666666666666666,9.515151515151516,0.0,0.6060606060606061,6.363636363636363,0.0,0.36363636363636365,4.484848484848484,-0.030303030303030304,0.09090909090909091,3.333333333333333,33.45454545454545,40.303030303030305,43.96969696969697,34.66666666666667,40.666666666666664,44.333333333333336,35.72727272727273,42.96969696969697,48.06060606060606,1.3030303030303028,4.848484848484849,6.212121212121212,2.4848484848484844,4.909090909090909,6.515151515151516,0.6060606060606055,5.090909090909091,7.454545454545455
34,2006.0,,,,,,34.43181818181818,36.78636363636364,47.03181818181818,34.20909090909091,36.56363636363636,44.61363636363636,33.127272727272725,35.64090909090909,41.527272727272724,6.127272727272727,7.2727272727272725,13.477272727272727,6.159090909090909,7.240909090909091,11.918181818181818,6.0,6.7,9.690909090909091,0.0,0.6363636363636364,6.681818181818182,0.0,0.3818181818181818,4.709090909090909,-0.031818181818181815,0.09545454545454544,3.5,32.72727272727273,39.91818181818182,43.768181818181816,34.0,40.3,44.15,35.11363636363636,42.71818181818182,48.06363636363636,1.0181818181818185,4.74090909090909,6.172727272727273,2.259090909090909,4.804545454545455,6.490909090909091,0.28636363636363615,4.995454545454545,7.4772727272727275
35,2007.0,,,,,,34.5,36.96666666666667,47.699999999999996,34.266666666666666,36.733333333333334,45.166666666666664,33.13333333333333,35.766666666666666,41.93333333333333,6.133333333333334,7.333333333333334,13.833333333333334,6.166666666666667,7.3,12.200000000000001,6.0,6.733333333333333,9.866666666666667,0.0,0.6666666666666667,7.0,0.0,0.39999999999999997,4.933333333333334,-0.03333333333333333,0.09999999999999999,3.6666666666666665,32.0,39.53333333333333,43.56666666666667,33.333333333333336,39.93333333333334,43.96666666666667,34.5,42.46666666666667,48.06666666666667,0.7333333333333334,4.633333333333333,6.133333333333334,2.033333333333333,4.699999999999999,6.466666666666667,-0.033333333333333215,4.9,7.5
36,2008.0,,,,,,34.56818181818182,37.1469696969697,48.36818181818182,34.32424242424242,36.903030303030306,45.71969696969697,33.13939393939394,35.89242424242424,42.339393939393936,6.13939393939394,7.3939393939393945,14.18939393939394,6.174242424242424,7.359090909090909,12.481818181818182,6.0,6.766666666666667,10.042424242424243,0.0,0.696969696969697,7.318181818181818,0.0,0.41818181818181815,5.157575757575757,-0.03484848484848485,0.10454545454545454,3.833333333333333,31.272727272727273,39.14848484848485,43.36515151515152,32.66666666666667,39.56666666666666,43.78333333333333,33.88636363636364,42.21515151515152,48.06969696969697,0.44848484848484826,4.525757575757575,6.093939393939394,1.8075757575757576,4.595454545454546,6.442424242424242,-0.35303030303030347,4.804545454545455,7.5227272727272725
37,2009.0,,,,,,34.63636363636363,37.32727272727273,49.03636363636363,34.38181818181818,37.07272727272728,46.27272727272727,33.14545454545455,36.018181818181816,42.74545454545454,6.1454545454545455,7.454545454545455,14.545454545454547,6.181818181818182,7.418181818181818,12.763636363636365,6.0,6.8,10.218181818181819,0.0,0.7272727272727273,7.636363636363637,0.0,0.43636363636363634,5.381818181818182,-0.03636363636363636,0.10909090909090909,4.0,30.545454545454547,38.763636363636365,43.163636363636364,32.0,39.2,43.6,33.27272727272727,41.96363636363636,48.07272727272727,0.16363636363636402,4.418181818181818,6.054545454545455,1.581818181818182,4.49090909090909,6.418181818181818,-0.6727272727272728,4.709090909090909,7.545454545454545
38,2010.0,,,,,,34.70454545454545,37.50757575757576,49.70454545454545,34.43939393939394,37.24242424242424,46.82575757575758,33.15151515151515,36.14393939393939,43.15151515151515,6.151515151515151,7.515151515151516,14.901515151515152,6.1893939393939394,7.4772727272727275,13.045454545454547,6.0,6.833333333333333,10.393939393939394,0.0,0.7575757575757576,7.954545454545454,0.0,0.45454545454545453,5.606060606060606,-0.03787878787878788,0.11363636363636363,4.166666666666666,29.818181818181817,38.378787878787875,42.96212121212121,31.333333333333336,38.833333333333336,43.416666666666664,32.65909090909091,41.71212121212121,48.07575757575758,-0.1212121212121211,4.3106060606060606,6.015151515151516,1.3560606060606055,4.386363636363637,6.3939393939393945,-0.9924242424242422,4.613636363636363,7.568181818181818
39,2011.0,,,,,,34.77272727272727,37.68787878787879,50.372727272727275,34.49696969696969,37.412121212121214,47.378787878787875,33.157575757575756,36.269696969696966,43.557575757575755,6.157575757575758,7.575757575757576,15.257575757575758,6.196969696969697,7.536363636363637,13.327272727272728,6.0,6.866666666666666,10.56969696969697,0.0,0.7878787878787878,8.272727272727273,0.0,0.4727272727272727,5.83030303030303,-0.03939393939393939,0.11818181818181818,4.333333333333333,29.09090909090909,37.99393939393939,42.760606060606065,30.666666666666668,38.46666666666667,43.233333333333334,32.04545454545455,41.46060606060606,48.07878787878788,-0.40606060606060623,4.203030303030303,5.975757575757576,1.13030303030303,4.281818181818181,6.36969696969697,-1.3121212121212125,4.518181818181818,7.590909090909091
40,2012.0,,,,,,34.84090909090909,37.86818181818182,51.04090909090909,34.554545454545455,37.581818181818186,47.93181818181818,33.163636363636364,36.39545454545454,43.96363636363636,6.163636363636364,7.636363636363637,15.613636363636363,6.204545454545454,7.595454545454546,13.60909090909091,6.0,6.8999999999999995,10.745454545454546,0.0,0.8181818181818182,8.59090909090909,0.0,0.4909090909090909,6.054545454545455,-0.04090909090909091,0.12272727272727273,4.5,28.363636363636363,37.60909090909091,42.55909090909091,30.0,38.1,43.05,31.43181818181818,41.20909090909091,48.081818181818186,-0.6909090909090914,4.095454545454546,5.9363636363636365,0.9045454545454543,4.177272727272728,6.345454545454546,-1.6318181818181827,4.422727272727273,7.613636363636363
41,2013.0,,,,,,34.90909090909091,38.04848484848485,51.709090909090904,34.61212121212121,37.75151515151515,48.484848484848484,33.16969696969697,36.521212121212116,44.36969696969697,6.16969696969697,7.696969696969697,15.96969696969697,6.212121212121212,7.654545454545454,13.890909090909092,6.0,6.933333333333334,10.921212121212122,0.0,0.8484848484848485,8.909090909090908,0.0,0.509090909090909,6.278787878787879,-0.04242424242424243,0.12727272727272726,4.666666666666666,27.636363636363637,37.224242424242426,42.35757575757576,29.333333333333336,37.733333333333334,42.86666666666667,30.818181818181817,40.95757575757575,48.084848484848486,-0.9757575757575756,3.987878787878788,5.8969696969696965,0.6787878787878787,4.072727272727272,6.321212121212121,-1.9515151515151512,4.327272727272727,7.636363636363637
42,2014.0,,,,,,34.97727272727273,38.22878787878788,52.377272727272725,34.66969696969697,37.92121212121212,49.03787878787878,33.17575757575757,36.6469696969697,44.775757575757574,6.175757575757576,7.757575757575758,16.325757575757578,6.21969696969697,7.713636363636364,14.172727272727274,6.0,6.966666666666667,11.096969696969698,0.0,0.8787878787878788,9.227272727272727,0.0,0.5272727272727272,6.503030303030303,-0.04393939393939394,0.1318181818181818,4.833333333333333,26.90909090909091,36.83939393939394,42.156060606060606,28.666666666666668,37.36666666666667,42.68333333333333,30.204545454545453,40.7060606060606,48.087878787878786,-1.2606060606060598,3.8803030303030304,5.857575757575757,0.4530303030303031,3.968181818181818,6.296969696969697,-2.2712121212121215,4.2318181818181815,7.659090909090909
43,2015.0,,,,,,35.04545454545455,38.40909090909091,53.04545454545455,34.72727272727273,38.09090909090909,49.59090909090909,33.18181818181818,36.77272727272727,45.18181818181818,6.181818181818182,7.818181818181818,16.68181818181818,6.2272727272727275,7.772727272727273,14.454545454545455,6.0,7.0,11.272727272727273,0.0,0.9090909090909092,9.545454545454545,0.0,0.5454545454545454,6.7272727272727275,-0.045454545454545456,0.13636363636363635,5.0,26.18181818181818,36.45454545454545,41.95454545454545,28.0,37.0,42.5,29.59090909090909,40.45454545454545,48.09090909090909,-1.545454545454545,3.772727272727273,5.818181818181818,0.22727272727272663,3.8636363636363633,6.272727272727273,-2.5909090909090917,4.136363636363637,7.681818181818182
44,2016.0,,,,,,35.11363636363636,38.589393939393936,53.71363636363636,34.78484848484848,38.260606060606065,50.14393939393939,33.18787878787879,36.89848484848485,45.587878787878786,6.187878787878788,7.878787878787879,17.03787878787879,6.234848484848484,7.831818181818182,14.736363636363638,6.0,7.033333333333333,11.44848484848485,0.0,0.9393939393939394,9.863636363636363,0.0,0.5636363636363636,6.951515151515151,-0.04696969696969697,0.1409090909090909,5.166666666666666,25.454545454545453,36.06969696969697,41.7530303030303,27.333333333333336,36.63333333333333,42.31666666666666,28.977272727272727,40.2030303030303,48.093939393939394,-1.83030303030303,3.665151515151515,5.778787878787879,0.0015151515151510253,3.759090909090909,6.248484848484849,-2.91060606060606,4.040909090909091,7.704545454545455
45,2017.0,,,,,,35.18181818181818,38.769696969696966,54.381818181818176,34.842424242424244,38.43030303030303,50.696969696969695,33.193939393939395,37.02424242424242,45.99393939393939,6.193939393939394,7.9393939393939394,17.393939393939394,6.242424242424242,7.890909090909091,15.01818181818182,6.0,7.066666666666666,11.624242424242425,0.0,0.9696969696969697,10.181818181818182,0.0,0.5818181818181818,7.175757575757576,-0.048484848484848485,0.14545454545454545,5.333333333333333,24.727272727272727,35.68484848484849,41.551515151515154,26.666666666666668,36.266666666666666,42.13333333333333,28.363636363636363,39.95151515151515,48.0969696969697,-2.1151515151515152,3.5575757575757576,5.739393939393939,-0.22424242424242458,3.6545454545454543,6.224242424242425,-3.2303030303030305,3.9454545454545453,7.7272727272727275
46,2018.0,,,,,,35.25,38.95,55.05,34.9,38.6,51.25,33.2,37.15,46.4,6.2,8.0,17.75,6.25,7.95,15.3,6.0,7.1,11.8,0.0,1.0,10.5,0.0,0.6,7.4,-0.05,0.15,5.5,24.0,35.3,41.35,26.0,35.9,41.95,27.75,39.7,48.1,-2.4000000000000004,3.45,5.7,-0.4500000000000002,3.55,6.2,-3.5500000000000007,3.8499999999999996,7.75
47,2019.0,,,,,,35.31818181818182,39.130303030303025,55.71818181818182,34.95757575757575,38.76969696969697,51.8030303030303,33.2060606060606,37.275757575757574,46.806060606060605,6.206060606060606,8.06060606060606,18.10606060606061,6.257575757575758,8.00909090909091,15.581818181818184,6.0,7.133333333333333,11.975757575757576,0.0,1.0303030303030303,10.818181818181818,0.0,0.6181818181818182,7.624242424242424,-0.051515151515151514,0.15454545454545454,5.666666666666666,23.272727272727273,34.915151515151514,41.14848484848485,25.333333333333336,35.53333333333333,41.766666666666666,27.136363636363637,39.448484848484846,48.1030303030303,-2.6848484848484855,3.3424242424242423,5.66060606060606,-0.6757575757575758,3.4454545454545453,6.175757575757576,-3.869696969696969,3.7545454545454544,7.7727272727272725
48,2020.0,,,,,,35.38636363636363,39.31060606060606,56.38636363636363,35.015151515151516,38.93939393939394,52.35606060606061,33.21212121212121,37.40151515151515,47.21212121212121,6.212121212121212,8.121212121212121,18.46212121212121,6.265151515151516,8.068181818181818,15.863636363636365,6.0,7.166666666666666,12.151515151515152,0.0,1.0606060606060606,11.136363636363637,0.0,0.6363636363636364,7.848484848484849,-0.05303030303030303,0.1590909090909091,5.833333333333333,22.545454545454543,34.53030303030303,40.946969696969695,24.666666666666668,35.16666666666667,41.583333333333336,26.522727272727273,39.196969696969695,48.10606060606061,-2.9696969696969706,3.234848484848485,5.621212121212121,-0.9015151515151523,3.340909090909091,6.151515151515151,-4.1893939393939394,3.659090909090909,7.795454545454546
49,2021.0,,,,,,35.45454545454545,39.49090909090909,57.05454545454545,35.07272727272727,39.10909090909091,52.90909090909091,33.21818181818182,37.527272727272724,47.61818181818182,6.218181818181819,8.181818181818182,18.81818181818182,6.2727272727272725,8.127272727272727,16.145454545454548,6.0,7.199999999999999,12.327272727272728,0.0,1.0909090909090908,11.454545454545455,0.0,0.6545454545454545,8.072727272727272,-0.05454545454545454,0.16363636363636364,6.0,21.818181818181817,34.14545454545455,40.74545454545455,24.0,34.8,41.4,25.90909090909091,38.945454545454545,48.10909090909091,-3.254545454545454,3.1272727272727274,5.581818181818182,-1.127272727272727,3.2363636363636363,6.127272727272728,-4.50909090909091,3.5636363636363635,7.818181818181818
50,2022.0,,,,,,35.52272727272727,39.67121212121212,57.72272727272727,35.130303030303025,39.27878787878788,53.46212121212121,33.224242424242426,37.6530303030303,48.02424242424242,6.224242424242425,8.242424242424242,19.174242424242426,6.28030303030303,8.186363636363637,16.42727272727273,6.0,7.2333333333333325,12.503030303030304,0.0,1.1212121212121213,11.772727272727273,0.0,0.6727272727272727,8.296969696969697,-0.05606060606060606,0.16818181818181818,6.166666666666666,21.09090909090909,33.760606060606065,40.5439393939394,23.333333333333336,34.43333333333334,41.21666666666667,25.295454545454547,38.693939393939395,48.11212121212122,-3.539393939393939,3.0196969696969695,5.542424242424243,-1.3530303030303035,3.1318181818181814,6.1030303030303035,-4.828787878787878,3.468181818181818,7.840909090909091
51,2023.0,,,,,,35.59090909090909,39.85151515151515,58.39090909090909,35.18787878787879,39.44848484848485,54.015151515151516,33.23030303030303,37.778787878787874,48.43030303030303,6.2303030303030305,8.303030303030303,19.53030303030303,6.287878787878788,8.245454545454546,16.70909090909091,6.0,7.266666666666667,12.67878787878788,0.0,1.1515151515151516,12.09090909090909,0.0,0.6909090909090909,8.521212121212121,-0.05757575757575758,0.17272727272727273,6.333333333333333,20.363636363636363,33.375757575757575,40.342424242424244,22.666666666666668,34.06666666666667,41.03333333333333,24.68181818181818,38.44242424242424,48.11515151515152,-3.824242424242424,2.912121212121212,5.503030303030303,-1.57878787878788,3.027272727272727,6.078787878787879,-5.148484848484848,3.3727272727272726,7.863636363636363
52,2024.0,,,,,,35.65909090909091,40.03181818181818,59.059090909090905,35.24545454545454,39.61818181818182,54.56818181818181,33.236363636363635,37.904545454545456,48.836363636363636,6.236363636363636,8.363636363636363,19.886363636363637,6.295454545454546,8.304545454545455,16.990909090909092,6.0,7.3,12.854545454545455,0.0,1.1818181818181819,12.409090909090908,0.0,0.7090909090909091,8.745454545454546,-0.05909090909090909,0.17727272727272728,6.5,19.636363636363637,32.99090909090909,40.14090909090909,22.0,33.7,40.85,24.068181818181817,38.19090909090909,48.11818181818182,-4.109090909090909,2.8045454545454547,5.463636363636364,-1.8045454545454547,2.922727272727273,6.054545454545455,-5.468181818181819,3.2772727272727273,7.886363636363637
53,2025.0,,,,,,35.72727272727273,40.21212121212121,59.72727272727272,35.3030303030303,39.78787878787879,55.12121212121212,33.24242424242424,38.03030303030303,49.24242424242424,6.242424242424242,8.424242424242424,20.242424242424242,6.303030303030303,8.363636363636363,17.272727272727273,6.0,7.333333333333333,13.030303030303031,0.0,1.2121212121212122,12.727272727272727,0.0,0.7272727272727273,8.969696969696969,-0.06060606060606061,0.18181818181818182,6.666666666666666,18.909090909090907,32.60606060606061,39.93939393939394,21.333333333333336,33.333333333333336,40.666666666666664,23.454545454545453,37.93939393939394,48.121212121212125,-4.3939393939393945,2.6969696969696972,5.424242424242424,-2.030303030303031,2.8181818181818183,6.03030303030303,-5.787878787878789,3.1818181818181817,7.909090909090909
54,2026.0,,,,,,35.79545454545455,40.39242424242424,60.39545454545454,35.36060606060606,39.95757575757576,55.67424242424242,33.24848484848485,38.156060606060606,49.64848484848484,6.248484848484849,8.484848484848484,20.59848484848485,6.3106060606060606,8.422727272727272,17.554545454545455,6.0,7.366666666666666,13.206060606060607,0.0,1.2424242424242424,13.045454545454545,0.0,0.7454545454545454,9.193939393939393,-0.06212121212121212,0.18636363636363634,6.833333333333333,18.18181818181818,32.22121212121212,39.73787878787879,20.666666666666668,32.96666666666667,40.483333333333334,22.84090909090909,37.68787878787879,48.124242424242425,-4.67878787878788,2.58939393939394,5.384848484848485,-2.256060606060606,2.713636363636363,6.006060606060606,-6.107575757575757,3.086363636363636,7.931818181818182
55,2027.0,,,,,,35.86363636363636,40.57272727272727,61.06363636363636,35.418181818181814,40.127272727272725,56.22727272727273,33.25454545454545,38.28181818181818,50.05454545454545,6.254545454545455,8.545454545454545,20.954545454545453,6.318181818181818,8.481818181818182,17.836363636363636,6.0,7.3999999999999995,13.381818181818183,0.0,1.2727272727272727,13.363636363636363,0.0,0.7636363636363636,9.418181818181818,-0.06363636363636363,0.1909090909090909,7.0,17.454545454545453,31.836363636363636,39.53636363636364,20.0,32.6,40.3,22.227272727272727,37.43636363636364,48.12727272727273,-4.963636363636363,2.4818181818181815,5.345454545454546,-2.4818181818181824,2.6090909090909085,5.981818181818182,-6.427272727272728,2.9909090909090903,7.954545454545455
56,2028.0,,,,,,35.93181818181818,40.7530303030303,61.73181818181818,35.47575757575758,40.2969696969697,56.78030303030303,33.26060606060606,38.407575757575756,50.460606060606054,6.260606060606061,8.606060606060606,21.310606060606062,6.325757575757576,8.540909090909091,18.118181818181817,6.0,7.433333333333334,13.557575757575759,0.0,1.303030303030303,13.681818181818182,0.0,0.7818181818181817,9.642424242424243,-0.06515151515151515,0.19545454545454544,7.166666666666666,16.727272727272727,31.451515151515153,39.334848484848486,19.333333333333336,32.233333333333334,40.11666666666667,21.613636363636363,37.18484848484849,48.13030303030303,-5.248484848484848,2.374242424242424,5.306060606060607,-2.707575757575759,2.504545454545454,5.957575757575758,-6.746969696969698,2.8954545454545455,7.9772727272727275
57,2029.0,,,,,,36.0,40.93333333333333,62.39999999999999,35.53333333333333,40.46666666666667,57.33333333333333,33.266666666666666,38.53333333333333,50.86666666666666,6.266666666666667,8.666666666666668,21.666666666666668,6.333333333333333,8.6,18.400000000000002,6.0,7.466666666666667,13.733333333333334,0.0,1.3333333333333335,14.0,0.0,0.7999999999999999,9.866666666666667,-0.06666666666666667,0.19999999999999998,7.333333333333333,16.0,31.066666666666666,39.13333333333333,18.666666666666668,31.866666666666667,39.93333333333334,21.0,36.93333333333334,48.13333333333333,-5.533333333333333,2.2666666666666666,5.266666666666667,-2.9333333333333336,2.3999999999999995,5.933333333333334,-7.066666666666666,2.8,8.0
58,2030.0,,,,,,36.06818181818182,41.11363636363636,63.06818181818181,35.590909090909086,40.63636363636364,57.88636363636363,33.27272727272727,38.65909090909091,51.272727272727266,6.272727272727273,8.727272727272727,22.022727272727273,6.340909090909091,8.65909090909091,18.681818181818183,6.0,7.5,13.90909090909091,0.0,1.3636363636363638,14.318181818181818,0.0,0.8181818181818181,10.090909090909092,-0.06818181818181818,0.20454545454545453,7.5,15.272727272727273,30.681818181818183,38.93181818181819,18.0,31.5,39.75,20.386363636363637,36.68181818181818,48.13636363636364,-5.818181818181818,2.159090909090909,5.2272727272727275,-3.15909090909091,2.295454545454545,5.909090909090909,-7.386363636363637,2.704545454545454,8.022727272727273
59,2031.0,,,,,,36.13636363636363,41.2939393939394,63.736363636363635,35.64848484848485,40.806060606060605,58.43939393939394,33.27878787878788,38.78484848484848,51.67878787878787,6.278787878787879,8.787878787878789,22.37878787878788,6.348484848484849,8.718181818181819,18.963636363636365,6.0,7.533333333333333,14.084848484848486,0.0,1.393939393939394,14.636363636363637,0.0,0.8363636363636363,10.315151515151515,-0.0696969696969697,0.20909090909090908,7.666666666666666,14.545454545454547,30.296969696969697,38.730303030303034,17.333333333333336,31.133333333333333,39.56666666666666,19.772727272727273,36.43030303030303,48.13939393939394,-6.1030303030303035,2.0515151515151517,5.1878787878787875,-3.3848484848484848,2.1909090909090905,5.884848484848485,-7.706060606060607,2.6090909090909093,8.045454545454545
60,2032.0,,,,,,36.20454545454545,41.47424242424242,64.40454545454546,35.7060606060606,40.97575757575758,58.992424242424235,33.28484848484848,38.91060606060606,52.08484848484848,6.284848484848485,8.848484848484848,22.734848484848484,6.356060606060606,8.777272727272727,19.24545454545455,6.0,7.566666666666666,14.260606060606062,0.0,1.4242424242424243,14.954545454545455,0.0,0.8545454545454545,10.539393939393939,-0.07121212121212121,0.21363636363636362,7.833333333333333,13.81818181818182,29.912121212121214,38.52878787878788,16.666666666666668,30.76666666666667,39.38333333333333,19.15909090909091,36.17878787878788,48.14242424242425,-6.387878787878789,1.9439393939393943,5.148484848484848,-3.6106060606060613,2.086363636363636,5.860606060606061,-8.025757575757575,2.5136363636363637,8.068181818181818
61,2033.0,,,,,,36.27272727272727,41.654545454545456,65.07272727272726,35.76363636363636,41.14545454545455,59.54545454545455,33.29090909090909,39.03636363636363,52.490909090909085,6.290909090909091,8.90909090909091,23.090909090909093,6.363636363636363,8.836363636363636,19.52727272727273,6.0,7.6,14.436363636363637,0.0,1.4545454545454546,15.272727272727273,0.0,0.8727272727272727,10.763636363636364,-0.07272727272727272,0.21818181818181817,8.0,13.090909090909093,29.527272727272727,38.32727272727273,16.0,30.400000000000002,39.2,18.545454545454547,35.92727272727272,48.14545454545455,-6.672727272727272,1.836363636363636,5.109090909090909,-3.836363636363636,1.9818181818181815,5.836363636363637,-8.345454545454546,2.418181818181818,8.09090909090909
62,2034.0,,,,,,36.34090909090909,41.834848484848486,65.74090909090908,35.82121212121212,41.31515151515151,60.098484848484844,33.2969696969697,39.16212121212121,52.89696969696969,6.296969696969697,8.969696969696969,23.4469696969697,6.371212121212121,8.895454545454546,19.809090909090912,6.0,7.633333333333333,14.612121212121213,0.0,1.4848484848484849,15.59090909090909,0.0,0.8909090909090909,10.987878787878788,-0.07424242424242425,0.22272727272727272,8.166666666666666,12.36363636363636,29.142424242424244,38.125757575757575,15.333333333333336,30.033333333333335,39.016666666666666,17.93181818181818,35.67575757575757,48.14848484848485,-6.957575757575757,1.7287878787878785,5.06969696969697,-4.0621212121212125,1.877272727272727,5.8121212121212125,-8.665151515151516,2.3227272727272723,8.113636363636363
63,2035.0,,,,,,36.40909090909091,42.015151515151516,66.4090909090909,35.878787878787875,41.484848484848484,60.65151515151515,33.303030303030305,39.28787878787878,53.3030303030303,6.303030303030304,9.030303030303031,23.803030303030305,6.378787878787879,8.954545454545455,20.090909090909093,6.0,7.666666666666666,14.787878787878789,0.0,1.5151515151515151,15.909090909090908,0.0,0.9090909090909091,11.212121212121213,-0.07575757575757576,0.22727272727272727,8.333333333333332,11.636363636363633,28.757575757575758,37.92424242424242,14.666666666666671,29.666666666666668,38.83333333333333,17.318181818181817,35.42424242424242,48.151515151515156,-7.242424242424242,1.621212121212121,5.03030303030303,-4.287878787878789,1.7727272727272725,5.787878787878788,-8.984848484848484,2.2272727272727266,8.136363636363637
64,2036.0,,,,,,36.47727272727273,42.195454545454545,67.07727272727271,35.93636363636364,41.654545454545456,61.20454545454545,33.309090909090905,39.413636363636364,53.709090909090904,6.3090909090909095,9.09090909090909,24.15909090909091,6.386363636363637,9.013636363636364,20.372727272727275,6.0,7.699999999999999,14.963636363636365,0.0,1.5454545454545454,16.227272727272727,0.0,0.9272727272727272,11.436363636363636,-0.07727272727272727,0.2318181818181818,8.5,10.909090909090907,28.372727272727275,37.722727272727276,14.0,29.3,38.65,16.704545454545453,35.17272727272727,48.154545454545456,-7.527272727272727,1.5136363636363637,4.990909090909091,-4.513636363636364,1.668181818181818,5.763636363636364,-9.304545454545455,2.131818181818182,8.15909090909091
65,2037.0,,,,,,36.54545454545455,42.375757575757575,67.74545454545455,35.99393939393939,41.82424242424243,61.75757575757575,33.31515151515151,39.53939393939394,54.11515151515151,6.315151515151515,9.151515151515152,24.515151515151516,6.393939393939394,9.072727272727274,20.654545454545456,6.0,7.7333333333333325,15.13939393939394,0.0,1.5757575757575757,16.545454545454547,0.0,0.9454545454545454,11.66060606060606,-0.07878787878787878,0.23636363636363636,8.666666666666666,10.18181818181818,27.98787878787879,37.52121212121212,13.333333333333336,28.933333333333334,38.46666666666667,16.09090909090909,34.92121212121212,48.157575757575756,-7.8121212121212125,1.4060606060606062,4.951515151515151,-4.73939393939394,1.5636363636363635,5.73939393939394,-9.624242424242425,2.036363636363636,8.181818181818182
66,2038.0,,,,,,36.61363636363636,42.556060606060605,68.41363636363636,36.05151515151515,41.9939393939394,62.31060606060606,33.32121212121212,39.665151515151514,54.521212121212116,6.321212121212121,9.212121212121213,24.87121212121212,6.401515151515151,9.131818181818183,20.936363636363637,6.0,7.766666666666666,15.315151515151516,0.0,1.6060606060606062,16.863636363636363,0.0,0.9636363636363636,11.884848484848485,-0.0803030303030303,0.2409090909090909,8.833333333333332,9.454545454545453,27.603030303030305,37.31969696969697,12.666666666666671,28.566666666666666,38.28333333333333,15.477272727272727,34.66969696969697,48.160606060606064,-8.096969696969698,1.2984848484848488,4.912121212121212,-4.965151515151515,1.459090909090909,5.715151515151516,-9.943939393939395,1.9409090909090905,8.204545454545455
67,2039.0,,,,,,36.68181818181818,42.736363636363635,69.08181818181818,36.10909090909091,42.163636363636364,62.86363636363636,33.32727272727273,39.79090909090909,54.92727272727272,6.327272727272727,9.272727272727273,25.227272727272727,6.409090909090909,9.190909090909091,21.21818181818182,6.0,7.8,15.490909090909092,0.0,1.6363636363636365,17.18181818181818,0.0,0.9818181818181818,12.10909090909091,-0.08181818181818182,0.24545454545454545,9.0,8.727272727272727,27.21818181818182,37.118181818181824,12.0,28.200000000000003,38.1,14.86363636363636,34.41818181818182,48.163636363636364,-8.381818181818183,1.1909090909090914,4.872727272727273,-5.190909090909091,1.3545454545454545,5.690909090909091,-10.263636363636365,1.8454545454545457,8.227272727272727
68,2040.0,,,,,,36.75,42.916666666666664,69.75,36.166666666666664,42.333333333333336,63.416666666666664,33.33333333333333,39.916666666666664,55.33333333333333,6.333333333333334,9.333333333333334,25.583333333333336,6.416666666666667,9.25,21.5,6.0,7.833333333333333,15.666666666666668,0.0,1.6666666666666667,17.5,0.0,1.0,12.333333333333334,-0.08333333333333333,0.25,9.166666666666666,8.0,26.833333333333336,36.91666666666667,11.333333333333336,27.833333333333336,37.916666666666664,14.25,34.166666666666664,48.16666666666667,-8.666666666666666,1.083333333333333,4.833333333333334,-5.416666666666668,1.25,5.666666666666667,-10.583333333333332,1.75,8.25
69,2041.0,,,,,,36.81818181818182,43.096969696969694,70.41818181818181,36.22424242424242,42.50303030303031,63.96969696969697,33.339393939393936,40.04242424242424,55.739393939393935,6.33939393939394,9.393939393939394,25.93939393939394,6.424242424242424,9.309090909090909,21.781818181818185,6.0,7.866666666666666,15.842424242424244,0.0,1.696969696969697,17.818181818181817,0.0,1.018181818181818,12.557575757575759,-0.08484848484848485,0.2545454545454545,9.333333333333332,7.272727272727273,26.44848484848485,36.71515151515152,10.666666666666671,27.46666666666667,37.733333333333334,13.636363636363633,33.915151515151514,48.16969696969697,-8.951515151515151,0.9757575757575756,4.793939393939394,-5.642424242424243,1.1454545454545446,5.642424242424243,-10.903030303030302,1.6545454545454543,8.272727272727273
70,2042.0,,,,,,36.88636363636363,43.277272727272724,71.08636363636363,36.28181818181818,42.67272727272727,64.52272727272727,33.345454545454544,40.168181818181814,56.14545454545454,6.345454545454546,9.454545454545455,26.295454545454547,6.431818181818182,9.368181818181819,22.063636363636366,6.0,7.8999999999999995,16.01818181818182,0.0,1.7272727272727273,18.136363636363637,0.0,1.0363636363636364,12.781818181818181,-0.08636363636363636,0.2590909090909091,9.5,6.545454545454547,26.063636363636366,36.513636363636365,10.0,27.1,37.55,13.022727272727273,33.663636363636364,48.17272727272727,-9.236363636363638,0.8681818181818182,4.754545454545455,-5.868181818181819,1.0409090909090901,5.618181818181819,-11.222727272727273,1.5590909090909086,8.295454545454545
71,2043.0,,,,,,36.95454545454545,43.45757575757575,71.75454545454545,36.339393939393936,42.842424242424244,65.07575757575756,33.35151515151515,40.29393939393939,56.55151515151515,6.351515151515152,9.515151515151516,26.651515151515152,6.4393939393939394,9.427272727272728,22.345454545454547,6.0,7.933333333333333,16.193939393939395,0.0,1.7575757575757576,18.454545454545453,0.0,1.0545454545454545,13.006060606060606,-0.08787878787878788,0.2636363636363636,9.666666666666666,5.81818181818182,25.67878787878788,36.31212121212121,9.333333333333336,26.733333333333334,37.36666666666667,12.409090909090907,33.412121212121214,48.17575757575758,-9.52121212121212,0.7606060606060607,4.715151515151515,-6.093939393939394,0.9363636363636356,5.593939393939395,-11.542424242424243,1.463636363636363,8.318181818181818
72,2044.0,,,,,,37.02272727272727,43.63787878787879,72.42272727272726,36.39696969696969,43.012121212121215,65.62878787878788,33.35757575757576,40.419696969696965,56.95757575757575,6.357575757575757,9.575757575757576,27.007575757575758,6.446969696969697,9.486363636363636,22.62727272727273,6.0,7.966666666666667,16.36969696969697,0.0,1.7878787878787878,18.772727272727273,0.0,1.0727272727272728,13.23030303030303,-0.0893939393939394,0.2681818181818182,9.833333333333332,5.090909090909086,25.293939393939397,36.11060606060606,8.666666666666671,26.366666666666667,37.18333333333333,11.795454545454547,33.16060606060606,48.17878787878788,-9.806060606060605,0.6530303030303033,4.675757575757576,-6.31969696969697,0.8318181818181811,5.56969696969697,-11.862121212121213,1.3681818181818182,8.340909090909092
73,2045.0,,,,,,37.09090909090909,43.81818181818181,73.0909090909091,36.45454545454545,43.18181818181819,66.18181818181819,33.36363636363636,40.54545454545454,57.36363636363636,6.363636363636364,9.636363636363637,27.363636363636363,6.454545454545455,9.545454545454547,22.90909090909091,6.0,8.0,16.545454545454547,0.0,1.8181818181818183,19.09090909090909,0.0,1.0909090909090908,13.454545454545455,-0.09090909090909091,0.2727272727272727,10.0,4.36363636363636,24.90909090909091,35.909090909090914,8.0,26.0,37.0,11.18181818181818,32.90909090909091,48.18181818181819,-10.09090909090909,0.5454545454545459,4.636363636363637,-6.545454545454547,0.7272727272727266,5.545454545454546,-12.181818181818183,1.2727272727272725,8.363636363636363
74,2046.0,,,,,,37.15909090909091,43.99848484848485,73.7590909090909,36.51212121212121,43.35151515151515,66.73484848484848,33.36969696969697,40.67121212121212,57.769696969696966,6.36969696969697,9.696969696969697,27.719696969696972,6.462121212121212,9.604545454545455,23.190909090909095,6.0,8.033333333333333,16.721212121212123,0.0,1.8484848484848486,19.40909090909091,0.0,1.1090909090909091,13.67878787878788,-0.09242424242424242,0.2772727272727273,10.166666666666666,3.636363636363633,24.524242424242427,35.70757575757576,7.333333333333336,25.633333333333336,36.81666666666666,10.56818181818182,32.657575757575756,48.18484848484849,-10.375757575757575,0.43787878787878753,4.596969696969698,-6.7712121212121215,0.6227272727272721,5.5212121212121215,-12.50151515151515,1.1772727272727268,8.386363636363637
75,2047.0,,,,,,37.22727272727273,44.17878787878787,74.42727272727272,36.56969696969696,43.52121212121212,67.28787878787878,33.375757575757575,40.7969696969697,58.17575757575757,6.375757575757576,9.757575757575758,28.075757575757578,6.46969696969697,9.663636363636364,23.472727272727276,6.0,8.066666666666666,16.8969696969697,0.0,1.878787878787879,19.727272727272727,0.0,1.1272727272727272,13.903030303030302,-0.09393939393939393,0.2818181818181818,10.333333333333332,2.9090909090909065,24.13939393939394,35.50606060606061,6.666666666666671,25.26666666666667,36.63333333333333,9.954545454545453,32.406060606060606,48.18787878787879,-10.66060606060606,0.3303030303030301,4.557575757575758,-6.996969696969698,0.5181818181818176,5.496969696969698,-12.82121212121212,1.081818181818182,8.40909090909091
76,2048.0,,,,,,37.29545454545455,44.35909090909091,75.09545454545454,36.627272727272725,43.690909090909095,67.8409090909091,33.38181818181818,40.92272727272727,58.58181818181818,6.381818181818182,9.818181818181818,28.431818181818183,6.4772727272727275,9.722727272727273,23.754545454545458,6.0,8.1,17.072727272727274,0.0,1.9090909090909092,20.045454545454547,0.0,1.1454545454545455,14.127272727272727,-0.09545454545454546,0.2863636363636364,10.5,2.18181818181818,23.754545454545458,35.304545454545455,6.0,24.900000000000002,36.45,9.340909090909093,32.154545454545456,48.190909090909095,-10.945454545454545,0.22272727272727266,4.5181818181818185,-7.222727272727273,0.41363636363636314,5.472727272727273,-13.14090909090909,0.9863636363636363,8.431818181818182
77,2049.0,,,,,,37.36363636363636,44.53939393939394,75.76363636363635,36.68484848484848,43.86060606060606,68.39393939393939,33.38787878787878,41.04848484848485,58.987878787878785,6.387878787878789,9.878787878787879,28.78787878787879,6.484848484848484,9.781818181818181,24.03636363636364,6.0,8.133333333333333,17.24848484848485,0.0,1.9393939393939394,20.363636363636363,0.0,1.1636363636363636,14.351515151515152,-0.09696969696969697,0.2909090909090909,10.666666666666666,1.4545454545454533,23.36969696969697,35.10303030303031,5.333333333333336,24.533333333333335,36.266666666666666,8.727272727272727,31.903030303030302,48.193939393939395,-11.23030303030303,0.11515151515151523,4.4787878787878785,-7.448484848484849,0.30909090909090864,5.448484848484849,-13.460606060606061,0.8909090909090907,8.454545454545455
78,2050.0,,,,,,37.43181818181818,44.71969696969697,76.43181818181819,36.74242424242424,44.03030303030303,68.94696969696969,33.39393939393939,41.17424242424242,59.39393939393939,6.3939393939393945,9.93939393939394,29.143939393939394,6.492424242424242,9.840909090909092,24.31818181818182,6.0,8.166666666666666,17.424242424242426,0.0,1.9696969696969697,20.68181818181818,0.0,1.1818181818181817,14.575757575757576,-0.09848484848484848,0.2954545454545454,10.833333333333332,0.7272727272727266,22.984848484848484,34.901515151515156,4.666666666666671,24.166666666666668,36.08333333333333,8.11363636363636,31.651515151515152,48.1969696969697,-11.515151515151516,0.007575757575757791,4.4393939393939394,-7.674242424242426,0.20454545454545414,5.424242424242425,-13.780303030303031,0.795454545454545,8.477272727272727
79,2051.0,,,,,,37.5,44.9,77.1,36.8,44.2,69.5,33.4,41.3,59.8,6.4,10.0,29.5,6.5,9.9,24.6,6.0,8.2,17.6,0.0,2.0,21.0,0.0,1.2,14.8,-0.1,0.3,11.0,0.0,22.6,34.7,4.0,23.8,35.9,7.5,31.4,48.2,-11.8,-0.09999999999999964,4.4,-7.9,0.09999999999999964,5.4,-14.100000000000001,0.7000000000000002,8.5
80,2052.0,,,,,,37.74242424242424,45.33030303030303,78.2030303030303,36.74848484848484,44.2969696969697,69.75757575757575,33.445454545454545,41.28484848484848,59.666666666666664,6.478787878787879,10.181818181818182,30.257575757575758,6.493939393939394,9.918181818181818,24.772727272727273,6.012121212121212,8.187878787878788,17.560606060606062,0.015151515151515152,2.1424242424242426,21.89090909090909,0.006060606060606061,1.215151515151515,15.036363636363637,-0.09696969696969697,0.3090909090909091,10.969696969696969,-1.0969696969696972,22.172727272727276,34.551515151515154,3.6515151515151514,23.603030303030305,35.89393939393939,7.7,31.445454545454545,48.21212121212122,-12.030303030303031,-0.17878787878787844,4.36969696969697,-7.924242424242425,0.06666666666666632,5.306060606060607,-14.042424242424243,0.7000000000000002,8.393939393939394
81,2053.0,,,,,,37.984848484848484,45.76060606060606,79.3060606060606,36.696969696969695,44.3939393939394,70.01515151515152,33.49090909090909,41.269696969696966,59.53333333333333,6.557575757575758,10.363636363636363,31.015151515151516,6.487878787878788,9.936363636363637,24.945454545454545,6.024242424242424,8.175757575757576,17.521212121212123,0.030303030303030304,2.2848484848484847,22.78181818181818,0.012121212121212121,1.2303030303030302,15.272727272727273,-0.09393939393939395,0.3181818181818182,10.93939393939394,-2.1939393939393943,21.745454545454546,34.403030303030306,3.3030303030303028,23.406060606060606,35.88787878787878,7.9,31.49090909090909,48.224242424242426,-12.260606060606062,-0.25757575757575724,4.33939393939394,-7.948484848484849,0.03333333333333299,5.212121212121213,-13.984848484848486,0.7000000000000002,8.287878787878787
82,2054.0,,,,,,38.22727272727273,46.19090909090909,80.4090909090909,36.64545454545454,44.49090909090909,70.27272727272727,33.53636363636363,41.25454545454545,59.4,6.636363636363637,10.545454545454545,31.772727272727273,6.4818181818181815,9.954545454545455,25.11818181818182,6.036363636363636,8.163636363636362,17.481818181818184,0.045454545454545456,2.4272727272727272,23.672727272727272,0.01818181818181818,1.2454545454545454,15.50909090909091,-0.09090909090909091,0.32727272727272727,10.909090909090908,-3.2909090909090915,21.31818181818182,34.25454545454546,2.9545454545454546,23.20909090909091,35.88181818181818,8.1,31.536363636363635,48.23636363636364,-12.490909090909092,-0.336363636363636,4.3090909090909095,-7.972727272727273,-3.3306690738754696e-16,5.118181818181818,-13.927272727272728,0.7000000000000002,8.181818181818182
83,2055.0,,,,,,38.46969696969697,46.62121212121212,81.5121212121212,36.593939393939394,44.58787878787879,70.53030303030303,33.58181818181818,41.239393939393935,59.266666666666666,6.715151515151516,10.727272727272727,32.53030303030303,6.475757575757576,9.972727272727273,25.290909090909093,6.048484848484849,8.15151515151515,17.442424242424245,0.06060606060606061,2.56969696969697,24.563636363636363,0.024242424242424242,1.2606060606060605,15.745454545454546,-0.08787878787878789,0.33636363636363636,10.878787878787879,-4.387878787878789,20.89090909090909,34.10606060606061,2.606060606060606,23.01212121212121,35.875757575757575,8.3,31.581818181818182,48.24848484848485,-12.721212121212123,-0.41515151515151477,4.278787878787879,-7.996969696969697,-0.03333333333333366,5.024242424242424,-13.869696969696971,0.7000000000000002,8.075757575757576
84,2056.0,,,,,,38.71212121212121,47.05151515151515,82.61515151515151,36.54242424242424,44.68484848484849,70.78787878787878,33.627272727272725,41.22424242424242,59.13333333333333,6.793939393939394,10.90909090909091,33.28787878787879,6.46969696969697,9.990909090909092,25.463636363636365,6.0606060606060606,8.139393939393939,17.403030303030306,0.07575757575757576,2.712121212121212,25.454545454545453,0.030303030303030304,1.2757575757575756,15.981818181818182,-0.08484848484848485,0.34545454545454546,10.848484848484848,-5.484848484848486,20.463636363636365,33.95757575757576,2.2575757575757573,22.815151515151516,35.86969696969697,8.5,31.627272727272725,48.260606060606065,-12.951515151515151,-0.49393939393939357,4.248484848484849,-8.021212121212121,-0.06666666666666698,4.930303030303031,-13.812121212121212,0.7000000000000002,7.96969696969697
85,2057.0,,,,,,38.95454545454545,47.481818181818184,83.71818181818182,36.49090909090909,44.78181818181818,71.04545454545455,33.67272727272727,41.209090909090904,59.0,6.872727272727273,11.09090909090909,34.04545454545455,6.463636363636364,10.00909090909091,25.636363636363637,6.072727272727273,8.127272727272727,17.363636363636363,0.09090909090909091,2.8545454545454545,26.345454545454544,0.03636363636363636,1.2909090909090908,16.21818181818182,-0.08181818181818182,0.35454545454545455,10.818181818181818,-6.581818181818183,20.03636363636364,33.80909090909091,1.9090909090909092,22.618181818181817,35.86363636363636,8.7,31.672727272727272,48.27272727272727,-13.181818181818182,-0.5727272727272723,4.218181818181819,-8.045454545454545,-0.10000000000000031,4.836363636363637,-13.754545454545456,0.7000000000000002,7.863636363636363
86,2058.0,,,,,,39.196969696969695,47.912121212121214,84.82121212121211,36.43939393939394,44.87878787878788,71.3030303030303,33.71818181818182,41.19393939393939,58.86666666666667,6.951515151515152,11.272727272727273,34.803030303030305,6.457575757575758,10.027272727272727,25.809090909090912,6.084848484848485,8.115151515151515,17.324242424242424,0.10606060606060606,2.996969696969697,27.236363636363635,0.04242424242424243,1.306060606060606,16.454545454545457,-0.0787878787878788,0.36363636363636365,10.787878787878787,-7.67878787878788,19.60909090909091,33.660606060606064,1.5606060606060606,22.421212121212122,35.85757575757576,8.9,31.718181818181815,48.28484848484849,-13.412121212121212,-0.6515151515151512,4.187878787878788,-8.06969696969697,-0.13333333333333364,4.742424242424242,-13.696969696969697,0.7000000000000002,7.757575757575758
87,2059.0,,,,,,39.43939393939394,48.342424242424244,85.92424242424242,36.38787878787878,44.97575757575758,71.56060606060606,33.763636363636365,41.17878787878787,58.733333333333334,7.03030303030303,11.454545454545455,35.56060606060606,6.451515151515151,10.045454545454545,25.981818181818184,6.096969696969697,8.103030303030302,17.284848484848485,0.12121212121212122,3.1393939393939396,28.127272727272725,0.048484848484848485,1.3212121212121213,16.69090909090909,-0.07575757575757576,0.3727272727272727,10.757575757575758,-8.775757575757577,19.181818181818183,33.512121212121215,1.212121212121212,22.224242424242426,35.85151515151515,9.1,31.763636363636362,48.2969696969697,-13.642424242424243,-0.7303030303030299,4.157575757575758,-8.093939393939394,-0.16666666666666696,4.648484848484848,-13.63939393939394,0.7000000000000002,7.651515151515151
88,2060.0,,,,,,39.68181818181818,48.77272727272727,87.02727272727273,36.336363636363636,45.07272727272728,71.81818181818181,33.809090909090905,41.163636363636364,58.599999999999994,7.109090909090909,11.636363636363637,36.31818181818182,6.445454545454545,10.063636363636364,26.154545454545456,6.109090909090909,8.09090909090909,17.245454545454546,0.13636363636363635,3.2818181818181817,29.018181818181816,0.05454545454545454,1.3363636363636364,16.92727272727273,-0.07272727272727274,0.38181818181818183,10.727272727272727,-9.872727272727275,18.754545454545458,33.36363636363637,0.8636363636363633,22.027272727272727,35.845454545454544,9.3,31.80909090909091,48.30909090909091,-13.872727272727273,-0.8090909090909086,4.127272727272728,-8.118181818181819,-0.2000000000000003,4.554545454545455,-13.581818181818182,0.7000000000000002,7.545454545454545
89,2061.0,,,,,,39.92424242424242,49.2030303030303,88.13030303030303,36.28484848484848,45.16969696969697,72.07575757575758,33.85454545454545,41.14848484848485,58.46666666666666,7.187878787878788,11.818181818181818,37.07575757575758,6.4393939393939394,10.081818181818182,26.327272727272728,6.121212121212121,8.078787878787878,17.206060606060607,0.15151515151515152,3.4242424242424243,29.909090909090907,0.06060606060606061,1.3515151515151516,17.163636363636364,-0.0696969696969697,0.3909090909090909,10.696969696969697,-10.969696969696972,18.327272727272728,33.21515151515152,0.5151515151515147,21.830303030303032,35.839393939393936,9.5,31.854545454545452,48.32121212121212,-14.103030303030303,-0.8878787878787875,4.096969696969698,-8.142424242424243,-0.23333333333333361,4.460606060606061,-13.524242424242425,0.7000000000000002,7.4393939393939394
90,2062.0,,,,,,40.166666666666664,49.63333333333333,89.23333333333333,36.233333333333334,45.266666666666666,72.33333333333333,33.9,41.13333333333333,58.33333333333333,7.266666666666667,12.0,37.833333333333336,6.433333333333334,10.1,26.5,6.133333333333334,8.066666666666666,17.166666666666668,0.16666666666666669,3.5666666666666664,30.799999999999997,0.06666666666666667,1.3666666666666667,17.400000000000002,-0.06666666666666668,0.39999999999999997,10.666666666666666,-12.066666666666668,17.900000000000002,33.06666666666667,0.16666666666666652,21.633333333333333,35.833333333333336,9.700000000000001,31.9,48.333333333333336,-14.333333333333332,-0.9666666666666662,4.066666666666666,-8.166666666666666,-0.26666666666666694,4.366666666666667,-13.466666666666667,0.7000000000000002,7.333333333333333
91,2063.0,,,,,,40.40909090909091,50.06363636363636,90.33636363636363,36.18181818181818,45.36363636363637,72.5909090909091,33.945454545454545,41.11818181818182,58.199999999999996,7.345454545454546,12.181818181818182,38.59090909090909,6.427272727272727,10.118181818181819,26.672727272727272,6.1454545454545455,8.054545454545455,17.12727272727273,0.18181818181818182,3.709090909090909,31.69090909090909,0.07272727272727272,1.3818181818181818,17.636363636363637,-0.06363636363636364,0.40909090909090906,10.636363636363637,-13.163636363636366,17.472727272727273,32.91818181818182,-0.18181818181818166,21.436363636363637,35.82727272727273,9.9,31.945454545454545,48.34545454545455,-14.563636363636363,-1.045454545454545,4.036363636363636,-8.190909090909091,-0.30000000000000027,4.272727272727273,-13.40909090909091,0.7000000000000002,7.2272727272727275
92,2064.0,,,,,,40.65151515151515,50.49393939393939,91.43939393939394,36.13030303030303,45.46060606060606,72.84848484848484,33.99090909090909,41.1030303030303,58.06666666666666,7.424242424242425,12.363636363636363,39.348484848484844,6.421212121212121,10.136363636363637,26.845454545454547,6.157575757575758,8.042424242424241,17.08787878787879,0.19696969696969696,3.8515151515151516,32.58181818181818,0.07878787878787878,1.396969696969697,17.872727272727275,-0.060606060606060615,0.41818181818181815,10.606060606060606,-14.260606060606063,17.045454545454547,32.76969696969697,-0.5303030303030303,21.239393939393942,35.82121212121212,10.100000000000001,31.99090909090909,48.35757575757576,-14.793939393939393,-1.1242424242424238,4.006060606060606,-8.215151515151515,-0.3333333333333336,4.178787878787879,-13.351515151515152,0.7000000000000002,7.121212121212121
93,2065.0,,,,,,40.89393939393939,50.92424242424242,92.54242424242423,36.07878787878788,45.55757575757576,73.10606060606061,34.03636363636363,41.087878787878786,57.93333333333333,7.503030303030304,12.545454545454545,40.10606060606061,6.415151515151515,10.154545454545454,27.01818181818182,6.16969696969697,8.03030303030303,17.04848484848485,0.21212121212121213,3.993939393939394,33.47272727272727,0.08484848484848485,1.412121212121212,18.10909090909091,-0.05757575757575758,0.42727272727272725,10.575757575757576,-15.35757575757576,16.618181818181817,32.621212121212125,-0.8787878787878789,21.042424242424243,35.81515151515151,10.3,32.03636363636363,48.369696969696975,-15.024242424242424,-1.2030303030303027,3.975757575757576,-8.23939393939394,-0.3666666666666669,4.084848484848485,-13.293939393939395,0.7000000000000002,7.015151515151516
94,2066.0,,,,,,41.13636363636364,51.35454545454545,93.64545454545454,36.027272727272724,45.654545454545456,73.36363636363636,34.08181818181818,41.07272727272727,57.8,7.581818181818182,12.727272727272727,40.86363636363636,6.409090909090909,10.172727272727274,27.19090909090909,6.181818181818182,8.018181818181818,17.00909090909091,0.2272727272727273,4.136363636363637,34.36363636363636,0.09090909090909091,1.4272727272727272,18.345454545454547,-0.05454545454545455,0.43636363636363634,10.545454545454545,-16.454545454545457,16.19090909090909,32.472727272727276,-1.2272727272727275,20.845454545454547,35.80909090909091,10.5,32.08181818181818,48.38181818181818,-15.254545454545454,-1.2818181818181813,3.9454545454545458,-8.263636363636364,-0.40000000000000024,3.990909090909091,-13.236363636363636,0.7000000000000002,6.909090909090909
95,2067.0,,,,,,41.378787878787875,51.78484848484848,94.74848484848485,35.97575757575758,45.75151515151515,73.62121212121212,34.127272727272725,41.057575757575755,57.666666666666664,7.660606060606061,12.90909090909091,41.621212121212125,6.403030303030303,10.190909090909091,27.363636363636363,6.193939393939394,8.006060606060606,16.969696969696972,0.24242424242424243,4.278787878787879,35.25454545454545,0.09696969696969697,1.4424242424242424,18.581818181818182,-0.05151515151515152,0.44545454545454544,10.515151515151516,-17.551515151515154,15.763636363636365,32.32424242424243,-1.5757575757575761,20.64848484848485,35.803030303030305,10.700000000000001,32.127272727272725,48.3939393939394,-15.484848484848484,-1.3606060606060602,3.915151515151515,-8.287878787878787,-0.43333333333333357,3.896969696969697,-13.17878787878788,0.7000000000000002,6.803030303030303
96,2068.0,,,,,,41.621212121212125,52.21515151515152,95.85151515151514,35.92424242424242,45.84848484848485,73.87878787878788,34.17272727272727,41.04242424242424,57.53333333333333,7.73939393939394,13.09090909090909,42.378787878787875,6.3969696969696965,10.209090909090909,27.53636363636364,6.206060606060606,7.993939393939393,16.93030303030303,0.25757575757575757,4.421212121212122,36.14545454545454,0.10303030303030303,1.4575757575757575,18.81818181818182,-0.04848484848484849,0.45454545454545453,10.484848484848484,-18.648484848484852,15.336363636363636,32.17575757575758,-1.9242424242424248,20.451515151515153,35.7969696969697,10.9,32.17272727272727,48.406060606060606,-15.715151515151515,-1.439393939393939,3.8848484848484848,-8.312121212121212,-0.4666666666666669,3.8030303030303028,-13.121212121212121,0.7000000000000002,6.696969696969697
97,2069.0,,,,,,41.86363636363636,52.64545454545455,96.95454545454545,35.872727272727275,45.945454545454545,74.13636363636364,34.21818181818182,41.027272727272724,57.4,7.818181818181818,13.272727272727273,43.13636363636364,6.390909090909091,10.227272727272727,27.70909090909091,6.218181818181819,7.9818181818181815,16.89090909090909,0.2727272727272727,4.5636363636363635,37.03636363636363,0.10909090909090909,1.4727272727272727,19.054545454545455,-0.04545454545454546,0.4636363636363636,10.454545454545455,-19.74545454545455,14.90909090909091,32.02727272727273,-2.2727272727272734,20.254545454545454,35.79090909090909,11.100000000000001,32.21818181818182,48.41818181818182,-15.945454545454545,-1.5181818181818176,3.8545454545454545,-8.336363636363636,-0.5000000000000002,3.709090909090909,-13.063636363636364,0.7000000000000002,6.590909090909091
98,2070.0,,,,,,42.10606060606061,53.07575757575758,98.05757575757576,35.82121212121212,46.04242424242425,74.39393939393939,34.263636363636365,41.01212121212121,57.266666666666666,7.896969696969697,13.454545454545455,43.89393939393939,6.384848484848485,10.245454545454546,27.881818181818183,6.2303030303030305,7.969696969696969,16.85151515151515,0.2878787878787879,4.706060606060606,37.92727272727272,0.11515151515151516,1.4878787878787878,19.290909090909093,-0.04242424242424243,0.4727272727272727,10.424242424242424,-20.842424242424247,14.481818181818182,31.87878787878788,-2.621212121212122,20.05757575757576,35.78484848484849,11.3,32.263636363636365,48.43030303030303,-16.175757575757576,-1.5969696969696965,3.824242424242424,-8.36060606060606,-0.5333333333333335,3.6151515151515152,-13.006060606060606,0.7000000000000002,6.484848484848484
99,2071.0,,,,,,42.34848484848485,53.50606060606061,99.16060606060606,35.769696969696966,46.13939393939394,74.65151515151516,34.309090909090905,40.99696969696969,57.13333333333333,7.9757575757575765,13.636363636363637,44.651515151515156,6.378787878787879,10.263636363636364,28.054545454545455,6.242424242424242,7.957575757575757,16.812121212121212,0.30303030303030304,4.848484848484849,38.81818181818181,0.12121212121212122,1.503030303030303,19.527272727272727,-0.0393939393939394,0.4818181818181818,10.393939393939394,-21.939393939393945,14.054545454545455,31.73030303030303,-2.9696969696969706,19.86060606060606,35.77878787878788,11.5,32.309090909090905,48.442424242424245,-16.406060606060606,-1.6757575757575753,3.793939393939394,-8.384848484848485,-0.5666666666666669,3.521212121212121,-12.94848484848485,0.7000000000000002,6.378787878787879
100,2072.0,,,,,,42.59090909090909,53.93636363636364,100.26363636363637,35.71818181818182,46.236363636363635,74.9090909090909,34.35454545454545,40.98181818181818,57.0,8.054545454545455,13.818181818181818,45.40909090909091,6.372727272727273,10.281818181818181,28.227272727272727,6.254545454545455,7.945454545454545,16.772727272727273,0.3181818181818182,4.99090909090909,39.709090909090904,0.12727272727272726,1.518181818181818,19.763636363636365,-0.036363636363636376,0.49090909090909085,10.363636363636363,-23.03636363636364,13.627272727272729,31.581818181818182,-3.3181818181818183,19.663636363636364,35.77272727272727,11.700000000000001,32.35454545454545,48.45454545454545,-16.636363636363637,-1.754545454545454,3.7636363636363637,-8.409090909090908,-0.6000000000000002,3.4272727272727272,-12.89090909090909,0.7000000000000002,6.2727272727272725
101,2073.0,,,,,,42.833333333333336,54.36666666666667,101.36666666666667,35.666666666666664,46.333333333333336,75.16666666666667,34.4,40.96666666666666,56.86666666666667,8.133333333333333,14.0,46.16666666666667,6.366666666666666,10.3,28.400000000000002,6.266666666666667,7.933333333333333,16.733333333333334,0.33333333333333337,5.133333333333333,40.599999999999994,0.13333333333333333,1.5333333333333332,20.0,-0.03333333333333334,0.5,10.333333333333334,-24.133333333333336,13.200000000000001,31.433333333333334,-3.666666666666667,19.46666666666667,35.766666666666666,11.900000000000002,32.4,48.46666666666667,-16.866666666666667,-1.8333333333333328,3.7333333333333334,-8.433333333333334,-0.6333333333333335,3.333333333333333,-12.833333333333334,0.7000000000000002,6.166666666666666
102,2074.0,,,,,,43.07575757575758,54.7969696969697,102.46969696969697,35.61515151515152,46.43030303030303,75.42424242424242,34.445454545454545,40.951515151515146,56.733333333333334,8.212121212121213,14.181818181818182,46.92424242424242,6.36060606060606,10.318181818181818,28.572727272727274,6.278787878787879,7.921212121212121,16.693939393939395,0.3484848484848485,5.275757575757575,41.490909090909085,0.1393939393939394,1.5484848484848484,20.236363636363638,-0.030303030303030304,0.509090909090909,10.303030303030303,-25.230303030303034,12.772727272727273,31.284848484848485,-4.015151515151516,19.26969696969697,35.760606060606065,12.100000000000001,32.445454545454545,48.478787878787884,-17.096969696969694,-1.9121212121212117,3.703030303030303,-8.457575757575757,-0.6666666666666669,3.2393939393939393,-12.775757575757575,0.7000000000000002,6.0606060606060606
103,2075.0,,,,,,43.31818181818182,55.22727272727273,103.57272727272726,35.56363636363636,46.52727272727273,75.68181818181819,34.49090909090909,40.93636363636363,56.599999999999994,8.290909090909091,14.363636363636363,47.68181818181818,6.3545454545454545,10.336363636363636,28.745454545454546,6.290909090909091,7.909090909090908,16.654545454545456,0.36363636363636365,5.418181818181818,42.38181818181818,0.14545454545454545,1.5636363636363635,20.472727272727276,-0.027272727272727282,0.5181818181818182,10.272727272727273,-26.32727272727273,12.345454545454546,31.136363636363637,-4.363636363636363,19.072727272727274,35.75454545454546,12.3,32.49090909090909,48.49090909090909,-17.327272727272728,-1.9909090909090903,3.672727272727273,-8.48181818181818,-0.7000000000000002,3.1454545454545455,-12.718181818181819,0.7000000000000002,5.954545454545455
104,2076.0,,,,,,43.56060606060606,55.657575757575756,104.67575757575757,35.512121212121215,46.624242424242425,75.93939393939394,34.53636363636363,40.92121212121212,56.46666666666666,8.36969696969697,14.545454545454547,48.43939393939394,6.348484848484849,10.354545454545455,28.918181818181818,6.303030303030304,7.8969696969696965,16.615151515151517,0.3787878787878788,5.5606060606060606,43.27272727272727,0.15151515151515152,1.5787878787878786,20.70909090909091,-0.024242424242424246,0.5272727272727272,10.242424242424242,-27.42424242424243,11.918181818181818,30.98787878787879,-4.712121212121213,18.875757575757575,35.74848484848485,12.5,32.53636363636363,48.50303030303031,-17.557575757575755,-2.0696969696969694,3.6424242424242426,-8.506060606060606,-0.7333333333333335,3.0515151515151513,-12.66060606060606,0.7000000000000002,5.848484848484849
105,2077.0,,,,,,43.803030303030305,56.08787878787879,105.77878787878788,35.46060606060606,46.72121212121212,76.1969696969697,34.58181818181818,40.906060606060606,56.33333333333333,8.44848484848485,14.727272727272727,49.196969696969695,6.342424242424242,10.372727272727273,29.090909090909093,6.315151515151515,7.884848484848485,16.575757575757578,0.3939393939393939,5.703030303030303,44.163636363636364,0.15757575757575756,1.5939393939393938,20.945454545454545,-0.021212121212121224,0.5363636363636364,10.212121212121213,-28.521212121212127,11.490909090909092,30.83939393939394,-5.0606060606060606,18.67878787878788,35.74242424242424,12.700000000000001,32.58181818181818,48.515151515151516,-17.78787878787879,-2.148484848484848,3.6121212121212123,-8.53030303030303,-0.7666666666666668,2.9575757575757575,-12.603030303030303,0.7000000000000002,5.742424242424242
106,2078.0,,,,,,44.04545454545455,56.518181818181816,106.88181818181818,35.40909090909091,46.81818181818182,76.45454545454545,34.627272727272725,40.89090909090909,56.199999999999996,8.527272727272727,14.90909090909091,49.95454545454545,6.336363636363636,10.39090909090909,29.263636363636365,6.327272727272727,7.872727272727272,16.53636363636364,0.4090909090909091,5.845454545454546,45.054545454545455,0.16363636363636364,1.6090909090909091,21.181818181818183,-0.018181818181818188,0.5454545454545454,10.181818181818182,-29.618181818181824,11.063636363636364,30.69090909090909,-5.40909090909091,18.481818181818184,35.73636363636364,12.900000000000002,32.627272727272725,48.52727272727273,-18.018181818181816,-2.2272727272727266,3.581818181818182,-8.554545454545455,-0.8000000000000002,2.8636363636363633,-12.545454545454545,0.7000000000000002,5.636363636363637
107,2079.0,,,,,,44.28787878787879,56.94848484848485,107.98484848484848,35.35757575757576,46.915151515151514,76.71212121212122,34.67272727272727,40.875757575757575,56.06666666666666,8.606060606060606,15.09090909090909,50.71212121212121,6.33030303030303,10.40909090909091,29.436363636363637,6.33939393939394,7.86060606060606,16.496969696969696,0.42424242424242425,5.987878787878788,45.945454545454545,0.1696969696969697,1.6242424242424243,21.41818181818182,-0.015151515151515152,0.5545454545454545,10.151515151515152,-30.71515151515152,10.636363636363637,30.542424242424243,-5.757575757575758,18.284848484848485,35.730303030303034,13.100000000000001,32.67272727272727,48.53939393939394,-18.248484848484846,-2.3060606060606057,3.5515151515151517,-8.578787878787878,-0.8333333333333335,2.7696969696969695,-12.487878787878788,0.7000000000000002,5.53030303030303
108,2080.0,,,,,,44.53030303030303,57.37878787878788,109.0878787878788,35.306060606060605,47.01212121212121,76.96969696969697,34.71818181818182,40.86060606060606,55.93333333333333,8.684848484848485,15.272727272727273,51.46969696969697,6.324242424242424,10.427272727272728,29.60909090909091,6.351515151515152,7.848484848484849,16.457575757575757,0.4393939393939394,6.13030303030303,46.836363636363636,0.17575757575757575,1.6393939393939394,21.654545454545456,-0.01212121212121213,0.5636363636363636,10.121212121212121,-31.812121212121216,10.209090909090909,30.393939393939394,-6.106060606060607,18.08787878787879,35.724242424242426,13.3,32.71818181818182,48.551515151515154,-18.478787878787877,-2.3848484848484843,3.521212121212121,-8.603030303030302,-0.8666666666666668,2.6757575757575753,-12.43030303030303,0.7000000000000002,5.424242424242424
109,2081.0,,,,,,44.77272727272727,57.80909090909091,110.19090909090909,35.25454545454546,47.10909090909091,77.22727272727272,34.763636363636365,40.845454545454544,55.8,8.763636363636364,15.454545454545455,52.22727272727273,6.318181818181818,10.445454545454545,29.78181818181818,6.363636363636364,7.836363636363636,16.418181818181818,0.4545454545454546,6.2727272727272725,47.72727272727273,0.18181818181818182,1.6545454545454545,21.89090909090909,-0.009090909090909094,0.5727272727272728,10.09090909090909,-32.909090909090914,9.781818181818183,30.245454545454546,-6.454545454545455,17.89090909090909,35.71818181818182,13.5,32.763636363636365,48.56363636363636,-18.709090909090907,-2.463636363636363,3.4909090909090907,-8.627272727272727,-0.9000000000000001,2.5818181818181816,-12.372727272727271,0.7000000000000002,5.318181818181818
110,2082.0,,,,,,45.015151515151516,58.23939393939394,111.2939393939394,35.2030303030303,47.2060606060606,77.48484848484848,34.809090909090905,40.83030303030303,55.666666666666664,8.842424242424244,15.636363636363637,52.984848484848484,6.312121212121212,10.463636363636363,29.954545454545453,6.375757575757576,7.824242424242424,16.37878787878788,0.4696969696969697,6.415151515151515,48.61818181818182,0.18787878787878787,1.6696969696969697,22.12727272727273,-0.006060606060606072,0.5818181818181818,10.06060606060606,-34.006060606060615,9.354545454545455,30.096969696969698,-6.8030303030303045,17.693939393939395,35.71212121212122,13.700000000000001,32.809090909090905,48.57575757575758,-18.939393939393938,-2.542424242424242,3.4606060606060605,-8.65151515151515,-0.9333333333333336,2.4878787878787874,-12.315151515151515,0.7000000000000002,5.212121212121212
111,2083.0,,,,,,45.25757575757576,58.66969696969697,112.3969696969697,35.151515151515156,47.303030303030305,77.74242424242425,34.85454545454545,40.81515151515151,55.53333333333333,8.921212121212122,15.818181818181818,53.74242424242424,6.306060606060606,10.481818181818182,30.12727272727273,6.387878787878789,7.812121212121212,16.33939393939394,0.48484848484848486,6.557575757575758,49.50909090909091,0.19393939393939394,1.6848484848484848,22.363636363636367,-0.003030303030303036,0.5909090909090908,10.030303030303031,-35.10303030303031,8.927272727272728,29.94848484848485,-7.151515151515152,17.4969696969697,35.70606060606061,13.900000000000002,32.85454545454545,48.587878787878786,-19.169696969696968,-2.6212121212121207,3.43030303030303,-8.675757575757576,-0.9666666666666668,2.3939393939393936,-12.257575757575758,0.7000000000000002,5.1060606060606055
112,2084.0,,,,,,45.5,59.1,113.5,35.1,47.4,78.0,34.9,40.8,55.4,9.0,16.0,54.5,6.3,10.5,30.3,6.4,7.8,16.3,0.5,6.7,50.4,0.2,1.7,22.6,0.0,0.6,10.0,-36.2,8.5,29.8,-7.5,17.3,35.7,14.100000000000001,32.9,48.6,-19.4,-2.6999999999999993,3.4,-8.7,-1.0,2.3,-12.2,0.7000000000000002,5.0
